-- caren.accounts
DROP TABLE IF EXISTS caren.accounts;
CREATE TABLE caren.accounts (
  aid SERIAL,
  email varchar(255) NOT NULL,
  password varchar(255) NOT NULL,
  dark_mode int NOT NULL DEFAULT '0',
  rpl int NOT NULL DEFAULT '4',
  verified int NOT NULL DEFAULT '0',
  verification_token varchar(30) DEFAULT NULL,
  PRIMARY KEY (aid)
);

INSERT INTO caren.accounts VALUES (1,'Augusta.OReilly@nedap.nl','123',0,4,1,NULL),(2,'Myles.Gibson@nedap.nl','123',0,4,1,NULL),(3,'Isom.Medhurst@nedap.nl','123',0,4,1,NULL),(4,'Arvilla.Klocko@nedap.nl','123',0,4,1,NULL),(5,'Leo.Veum@nedap.nl','123',0,4,1,NULL),(6,'Eveline.Upton@nedap.nl','123',0,4,1,NULL),(7,'Susana.Deckow@nedap.nl','123',0,4,1,NULL),(8,'Okey.Batz@nedap.nl','123',1,7,1,NULL),(9,'Damaris.Leffler@nedap.nl','123',0,4,1,NULL),(10,'Jackson.Bernier@nedap.nl','123',0,4,1,NULL),(11,'Carolina.Baumbach@nedap.nl','123',0,4,1,NULL),(12,'Elise.Dickens@nedap.nl','123',0,4,1,NULL),(13,'Dulce.Herzog@nedap.nl','123',0,4,1,NULL),(14,'Gene.Durgan@nedap.nl','123',0,4,1,NULL),(15,'Isadore.Kihn@nedap.nl','123',0,4,1,NULL),(16,'Maximillian.Kemmer@nedap.nl','123',0,4,1,NULL),(17,'Vickie.Huels@nedap.nl','123',0,4,1,NULL),(18,'Pink.Sipes@nedap.nl','123',0,4,1,NULL),(19,'Kody.Kuhlman@nedap.nl','123',0,4,1,NULL),(20,'Catalina.Nolan@nedap.nl','123',0,4,1,NULL),(21,'Verlie.Waters@nedap.nl','123',0,4,1,NULL),(22,'Elvera.Goldner@nedap.nl','123',0,4,1,NULL),(23,'Berneice.Rath@nedap.nl','123',0,4,1,NULL),(24,'Robbie.White@nedap.nl','123',0,4,1,NULL),(25,'Selmer.Gleason@nedap.nl','123',0,4,1,NULL),(26,'Kamille.Von@nedap.nl','123',0,4,1,NULL),(27,'Ulises.Block@nedap.nl','123',0,4,1,NULL),(28,'Augustine.Leannon@nedap.nl','123',0,4,1,NULL),(29,'Emil.Runolfsson@nedap.nl','123',0,4,1,NULL),(30,'Lizzie.Cronin@nedap.nl','123',0,4,1,NULL),(82,'Omdehoek.lastname@nedap.nl','123',0,4,1,NULL),(92,'I.K.H.Ebnekpijn@nedap.nl','123',0,4,1,NULL),(93,'Het.Hofje@nedap.nl','123',0,4,1,NULL),(94,'D.E.Pressie@nedap.nl','123',0,4,1,NULL),(95,'Groenlo.lastname@nedap.nl','123',0,4,1,NULL),(96,'Aan.Huis@nedap.nl','123',0,4,1,NULL),(97,'D.Okter@nedap.nl','123',0,4,1,NULL),(98,'Pillen.en.meer@nedap.nl','123',0,4,1,NULL),(99,'Lang.Leven@nedap.nl','123',0,4,1,NULL),(100,'De.Beste.Hulp@nedap.nl','123',0,4,1,NULL);

--caren.categories
DROP TABLE IF EXISTS caren.categories;
CREATE TABLE caren.categories (
  id SERIAL,
  name varchar(255) NOT NULL,
  PRIMARY KEY (id)
);

INSERT INTO caren.categories VALUES (1,'General practitioner'),(2,'Physiotherapist'),(3,'Psychologist'),(4,'Pharmacy'),(5,'Hospital'),(6,'Nursing home'),(7,'Home care');

--caren.people // REQUIRES caren.accounts
DROP TABLE IF EXISTS caren.people;
CREATE TABLE caren.people (
  pid SERIAL,
  aid int NOT NULL,
  first_name varchar(255) NOT NULL,
  last_name varchar(255) NOT NULL,
  date_of_birth date NOT NULL,
  gender varchar(16) NOT NULL,
  type varchar(16) NOT NULL DEFAULT 'client',
  PRIMARY KEY (pid),
  FOREIGN KEY (aid) REFERENCES caren.accounts(aid)
);

INSERT INTO caren.people VALUES (1,1,'Augusta','O''Reilly','1987-09-22','other','client'),(2,2,'Myles','Gibson','1989-06-20','male','client'),(3,3,'Isom','Medhurst','1992-11-27','female','client'),(4,4,'Arvilla','Klocko','1976-05-21','other','client'),(5,5,'Leo','Veum','1977-09-03','other','client'),(6,6,'Eveline','Upton','2005-07-29','male','client'),(7,7,'Susana','Deckow','1981-10-31','other','client'),(8,8,'Okey','Batz','2001-09-18','male','client'),(9,9,'Damaris','Leffler','1995-11-01','male','client'),(10,10,'Jackson','Bernier','2010-12-03','other','client'),(11,11,'Carolina','Baumbach','1992-04-28','female','client'),(12,12,'Elise','Dickens','2014-06-05','female','client'),(13,13,'Dulce','Herzog','2006-12-22','female','client'),(14,14,'Gene','Durgan','1997-04-29','male','client'),(15,15,'Isadore','Kihn','1993-04-28','female','client'),(16,16,'Maximillian','Kemmer','1977-08-18','other','client'),(17,17,'Vickie','Huels','2014-09-30','male','client'),(18,18,'Pink','Sipes','1986-08-21','female','client'),(19,19,'Kody','Kuhlman','1972-09-23','male','client'),(20,20,'Catalina','Nolan','1986-05-03','male','client'),(21,21,'Verlie','Waters','1984-07-18','male','client'),(22,22,'Elvera','Goldner','2006-07-29','other','client'),(23,23,'Berneice','Rath','2014-04-20','female','client'),(24,24,'Robbie','White','2006-02-26','female','client'),(25,25,'Selmer','Gleason','1991-03-20','other','client'),(26,26,'Kamille','Von','2011-05-23','other','client'),(27,27,'Ulises','Block','1994-02-23','female','client'),(28,28,'Augustine','Leannon','2010-10-30','female','client'),(29,29,'Emil','Runolfsson','1976-07-26','female','client'),(30,30,'Lizzie','Cronin','1996-08-05','female','client'),(43,82,'Omdehoek','lastname','1999-01-01','other','provider'),(44,92,'I.K.H.','Ebnekpijn','1999-01-01','other','provider'),(45,93,'Het','Hofje','1999-01-01','other','provider'),(46,94,'D.E.','Pressie','1999-01-01','other','provider'),(47,95,'Groenlo','lastname','1999-01-01','other','provider'),(48,96,'Aan','Huis','1999-01-01','other','provider'),(49,97,'D.','Okter','1999-01-01','other','provider'),(50,98,'Pillen','en meer','1999-01-01','other','provider'),(51,99,'Lang','Leven','1999-01-01','other','provider'),(52,100,'De Beste','Hulp','1999-01-01','other','provider');

-- caren.care_providers_categories // REQUIRES caren.people && caren.categories
DROP TABLE IF EXISTS caren.care_providers_categories;
CREATE TABLE caren.care_providers_categories (
  pid SERIAL,
  category_id int NOT NULL,
  PRIMARY KEY (pid,category_id),
  FOREIGN KEY (pid) REFERENCES caren.people(pid),
  FOREIGN KEY (category_id) REFERENCES caren.categories(id)
);

INSERT INTO caren.care_providers_categories VALUES (43,1),(44,2),(45,6),(46,3),(47,5),(48,7),(49,1),(50,4),(51,6),(52,7);

-- caren.care_providers_people //REQUIRES caren.people
DROP TABLE IF EXISTS caren.care_providers_people;
CREATE TABLE caren.care_providers_people (
  person_id int DEFAULT NULL,
  care_provider_id int DEFAULT NULL,
  PRIMARY KEY (person_id, care_provider_id),
  FOREIGN KEY (person_id) REFERENCES caren.people(pid),
  FOREIGN KEY (care_provider_id) REFERENCES caren.people(pid)
);

INSERT INTO caren.care_providers_people VALUES (1,44),(1,46),(1,51),(2,47),(3,50),(3,51),(3,52),(4,43),(4,44),(4,46),(4,47),(5,43),(5,45),(5,47),(5,48),(5,50),(5,51),(6,45),(6,46),(6,48),(6,50),(7,49),(7,51),(8,44),(8,48),(8,52),(9,43),(9,45),(9,51),(10,43),(10,44),(10,45),(10,49),(10,51),(11,49),(11,52),(12,47),(12,51),(12,52),(13,44),(13,51),(14,48),(15,47),(15,52),(16,45),(16,46),(16,48),(16,52),(17,43),(17,46),(17,51),(18,44),(18,46),(19,44),(19,45),(19,47),(19,51),(20,43),(20,46),(20,48),(20,51),(21,51),(22,45),(22,48),(22,49),(22,51),(22,52),(23,45),(23,50),(23,51),(24,43),(24,49),(24,52),(25,43),(25,46),(25,47),(25,49),(26,43),(26,44),(26,45),(26,49),(26,52),(27,47),(27,48),(27,49),(28,49),(29,43),(29,45),(29,46),(29,49),(30,43),(30,44),(30,47),(30,48);

--caren.relationships //REQUIRES caren.people
DROP TABLE IF EXISTS caren.relationships;
CREATE TABLE caren.relationships (
  id SERIAL,
  person_id int NOT NULL,
  related_person_id int NOT NULL,
  type varchar(45) NOT NULL,
  PRIMARY KEY (id),
  FOREIGN KEY (person_id) REFERENCES caren.people (pid)
);

INSERT INTO caren.relationships VALUES (101,1,8,'neighbour'),(153,1,20,'parent'),(165,1,21,'child'),(157,2,8,'child'),(128,3,4,'child'),(131,3,7,'parent'),(108,3,8,'neighbour'),(185,3,17,'neighbour'),(163,3,22,'care_giver'),(121,3,29,'other'),(138,4,10,'care_giver'),(182,4,13,'parent'),(162,4,17,'parent'),(164,4,20,'neighbour'),(161,4,22,'neighbour'),(184,5,21,'child'),(168,5,22,'other'),(186,5,29,'child'),(106,6,3,'care_giver'),(133,6,7,'care_giver'),(174,6,8,'care_giver'),(177,6,17,'neighbour'),(143,7,2,'other'),(179,8,1,'other'),(199,8,4,'care_giver'),(118,8,4,'other'),(109,8,9,'parent'),(175,8,14,'parent'),(187,8,29,'child'),(189,9,3,'other'),(160,9,5,'care_giver'),(156,9,10,'parent'),(159,10,28,'other'),(144,11,2,'other'),(116,11,18,'child'),(170,12,14,'neighbour'),(193,12,24,'neighbour'),(176,13,11,'neighbour'),(147,13,12,'neighbour'),(190,13,17,'neighbour'),(111,13,21,'parent'),(146,13,29,'other'),(197,13,30,'neighbour'),(136,14,16,'parent'),(135,14,16,'neighbour'),(140,14,19,'child'),(137,15,1,'child'),(127,15,8,'parent'),(126,16,11,'neighbour'),(107,16,28,'care_giver'),(117,16,29,'neighbour'),(150,17,1,'parent'),(158,17,8,'neighbour'),(115,17,9,'other'),(152,17,10,'child'),(122,17,18,'child'),(191,17,26,'care_giver'),(155,18,3,'neighbour'),(149,18,10,'neighbour'),(148,18,18,'neighbour'),(103,18,26,'other'),(113,19,18,'neighbour'),(102,19,21,'care_giver'),(154,20,21,'care_giver'),(139,20,28,'parent'),(105,21,25,'child'),(166,21,26,'care_giver'),(167,22,7,'parent'),(181,22,18,'child'),(112,22,22,'parent'),(114,23,23,'parent'),(141,23,29,'neighbour'),(134,23,30,'parent'),(119,24,8,'child'),(120,24,15,'care_giver'),(172,24,28,'child'),(124,25,4,'parent'),(183,25,9,'care_giver'),(195,25,26,'parent'),(151,26,1,'other'),(145,26,7,'neighbour'),(130,26,12,'child'),(196,26,17,'parent'),(123,26,20,'parent'),(129,26,25,'parent'),(188,27,6,'care_giver'),(178,27,8,'child'),(180,27,8,'parent'),(171,27,21,'care_giver'),(192,27,22,'other'),(169,27,25,'child'),(200,28,10,'neighbour'),(173,29,11,'parent'),(194,29,19,'child'),(132,29,19,'neighbour'),(125,29,25,'other'),(142,30,7,'child'),(110,30,13,'care_giver'),(104,30,20,'other');


--caren.reports //REQUIRES caren.people
DROP TABLE IF EXISTS caren.reports;
CREATE TABLE caren.reports (
  id SERIAL,
  type varchar(45) NOT NULL,
  care_provider_id int NOT NULL,
  person_id int NOT NULL,
  data text NOT NULL,
  time_stamp timestamp NOT NULL,
  PRIMARY KEY (id),
  FOREIGN KEY (care_provider_id) REFERENCES caren.people(pid),
  FOREIGN KEY (person_id) REFERENCES caren.people(pid)
);

INSERT INTO caren.reports VALUES (1001,'height',44,1,'{"value":172,"unit":"cm"}','2020-01-07 02:48:32'),(1002,'text',51,1,'{"text":"Verslag dochter na ziekenhuisbezoek. Ivm met nog kans op scheuren van de pees blijft hulp bij wassen en aankleden belangrijk"}','2020-01-24 01:36:16'),(1003,'other',49,24,'{"value":false,"unit":null,"description":"Besmet met het Covid-19 virus"}','2020-02-16 20:02:27'),(1004,'other',45,19,'{"value":38,"unit":"%","description":"Juist antwoorden bij laatste pubquiz"}','2020-01-22 15:29:37'),(1005,'height',51,1,'{"value":147,"unit":"cm"}','2020-01-21 17:57:01'),(1006,'blood_pressure',48,6,'{"systolic":91,"diastolic":123,"unit":"mm Hg"}','2020-03-28 06:38:49'),(1007,'weight',52,16,'{"value":65,"unit":"kg"}','2020-03-02 00:00:50'),(1008,'other',52,22,'{"value":false,"unit":null,"description":"Besmet met het Covid-19 virus"}','2020-03-28 13:07:40'),(1009,'other',48,20,'{"value":null,"unit":null,"description":"Besmet met het Covid-19 virus"}','2020-01-11 13:27:37'),(1010,'weight',45,10,'{"value":30,"unit":"kg"}','2020-03-14 12:56:36'),(1011,'other',49,26,'{"value":19,"unit":"%","description":"Juist antwoorden bij laatste pubquiz"}','2020-02-16 18:31:27'),(1012,'height',50,3,'{"value":139,"unit":"cm"}','2020-02-08 17:37:26'),(1013,'weight',48,14,'{"value":65,"unit":"kg"}','2020-02-08 16:36:57'),(1014,'weight',49,7,'{"value":137,"unit":"kg"}','2020-04-03 02:09:33'),(1015,'blood_pressure',52,26,'{"systolic":109,"diastolic":165,"unit":"mm Hg"}','2020-03-13 16:38:44'),(1016,'other',46,18,'{"value":null,"unit":null,"description":"Besmet met het Covid-19 virus"}','2020-03-24 07:48:26'),(1017,'weight',45,6,'{"value":24,"unit":"kg"}','2020-03-12 07:42:51'),(1018,'weight',51,23,'{"value":127,"unit":"kg"}','2020-01-29 06:59:46'),(1019,'other',43,29,'{"value":58,"unit":"%","description":"Juist antwoorden bij laatste pubquiz"}','2020-02-01 12:44:53'),(1020,'height',48,5,'{"value":107,"unit":"cm"}','2020-03-26 04:29:05'),(1021,'height',45,5,'{"value":171,"unit":"cm"}','2020-01-16 05:27:37'),(1022,'height',51,20,'{"value":104,"unit":"cm"}','2020-02-19 18:31:28'),(1023,'blood_pressure',46,6,'{"systolic":119,"diastolic":170,"unit":"mm Hg"}','2020-02-23 00:41:12'),(1024,'height',43,4,'{"value":107,"unit":"cm"}','2020-01-02 18:24:47'),(1025,'text',46,17,'{"text":"Mw.haar medicatie baxterrol 18:00 uur en 22:00 uur klaargezet."}','2020-04-06 16:48:58'),(1026,'blood_pressure',52,8,'{"systolic":118,"diastolic":175,"unit":"mm Hg"}','2020-03-13 16:51:01'),(1027,'other',51,12,'{"value":true,"unit":null,"description":"Besmet met het Covid-19 virus"}','2020-02-01 19:34:56'),(1028,'height',50,6,'{"value":155,"unit":"cm"}','2020-03-04 20:04:22'),(1029,'height',46,18,'{"value":132,"unit":"cm"}','2020-03-25 08:20:14'),(1030,'other',45,6,'{"value":false,"unit":null,"description":"Besmet met het Covid-19 virus"}','2020-02-17 08:19:17'),(1031,'weight',51,13,'{"value":50,"unit":"kg"}','2020-03-15 16:44:29'),(1032,'blood_pressure',47,12,'{"systolic":90,"diastolic":149,"unit":"mm Hg"}','2020-04-06 13:11:48'),(1033,'height',47,25,'{"value":117,"unit":"cm"}','2020-03-19 09:03:58'),(1034,'other',52,11,'{"value":false,"unit":null,"description":"Besmet met het Covid-19 virus"}','2020-03-14 01:39:23'),(1035,'height',49,7,'{"value":80,"unit":"cm"}','2020-01-08 10:17:26'),(1036,'blood_pressure',46,16,'{"systolic":120,"diastolic":171,"unit":"mm Hg"}','2020-02-05 14:22:40'),(1037,'other',51,1,'{"value":37,"unit":"%","description":"Juist antwoorden bij laatste pubquiz"}','2020-01-30 21:05:07'),(1038,'weight',50,5,'{"value":16,"unit":"kg"}','2020-01-15 07:17:48'),(1039,'weight',46,17,'{"value":130,"unit":"kg"}','2020-03-15 02:42:18'),(1040,'text',48,22,'{"text":"Kousen zijn uit gedaan en benen zijn ingesmeerd. Rechter been wat oedemateus. "}','2020-02-07 19:13:31'),(1041,'height',49,27,'{"value":202,"unit":"cm"}','2019-12-31 10:23:50'),(1042,'height',51,23,'{"value":141,"unit":"cm"}','2020-01-23 18:18:42'),(1043,'blood_pressure',47,15,'{"systolic":120,"diastolic":157,"unit":"mm Hg"}','2020-04-03 16:32:06'),(1044,'height',43,30,'{"value":158,"unit":"cm"}','2020-02-27 03:25:03'),(1045,'blood_pressure',49,26,'{"systolic":84,"diastolic":142,"unit":"mm Hg"}','2020-03-16 12:53:00'),(1046,'height',48,8,'{"value":184,"unit":"cm"}','2020-02-10 14:42:11'),(1047,'text',44,30,'{"text":"Mw. Haar kousen uitgedaan benen ingesmeerd me. Geholpen met omkleden rug ingesmeerd"}','2020-04-07 17:58:23'),(1048,'blood_pressure',45,10,'{"systolic":112,"diastolic":150,"unit":"mm Hg"}','2020-03-04 18:17:47'),(1049,'text',45,23,'{"text":"Mw. kreeg haar medicijnen aangeboden."}','2020-03-04 15:51:49'),(1050,'weight',47,12,'{"value":31,"unit":"kg"}','2020-01-04 20:22:42'),(1051,'other',43,9,'{"value":2,"unit":"%","description":"Juist antwoorden bij laatste pubquiz"}','2020-02-09 23:55:50'),(1052,'text',49,11,'{"text":"Baxterrol opgehald bij de apotheek."}','2020-02-23 22:27:04'),(1053,'height',47,25,'{"value":177,"unit":"cm"}','2020-02-11 10:22:23'),(1054,'text',47,5,'{"text":"Mw. eet vanavond niet mee\n is met dochter weg."}','2020-01-02 00:29:25'),(1055,'text',49,7,'{"text":"Mw is geholpen met omkleden. Rug is ingesmeerd met lanette creme. Blauwe plekken ingesmeerd met speciale zalf."}','2020-04-07 15:49:44'),(1056,'blood_pressure',46,16,'{"systolic":105,"diastolic":134,"unit":"mm Hg"}','2020-02-06 18:05:22'),(1057,'text',49,25,'{"text":"Mw.haar benen en voeten gewassen\n verder aangekleed."}','2020-03-07 15:57:59'),(1058,'text',51,17,'{"text":"Vandaag mevrouw op haar kamer geholpen met de avondmaaltijd. Dit vond mevrouw prettig. Zij had dan ook snel de maaltijd inclusief het toetje op."}','2020-01-16 03:04:04'),(1059,'height',43,25,'{"value":85,"unit":"cm"}','2020-02-16 02:12:37'),(1060,'blood_pressure',48,20,'{"systolic":91,"diastolic":124,"unit":"mm Hg"}','2020-01-09 21:38:54'),(1061,'height',47,12,'{"value":174,"unit":"cm"}','2020-01-08 00:06:01'),(1062,'blood_pressure',49,25,'{"systolic":87,"diastolic":127,"unit":"mm Hg"}','2020-03-16 11:51:31'),(1063,'weight',52,12,'{"value":16,"unit":"kg"}','2020-01-13 13:22:54'),(1064,'weight',51,17,'{"value":115,"unit":"kg"}','2020-01-19 01:50:09'),(1065,'height',51,1,'{"value":185,"unit":"cm"}','2020-02-04 10:41:49'),(1066,'height',43,30,'{"value":78,"unit":"cm"}','2020-02-20 02:28:34'),(1067,'blood_pressure',51,13,'{"systolic":116,"diastolic":140,"unit":"mm Hg"}','2020-01-09 16:46:54'),(1068,'blood_pressure',52,3,'{"systolic":93,"diastolic":152,"unit":"mm Hg"}','2020-02-26 14:04:27'),(1069,'blood_pressure',48,8,'{"systolic":106,"diastolic":142,"unit":"mm Hg"}','2020-03-07 11:01:26'),(1070,'text',43,10,'{"text":"Mw kreeg haar zorg en was vriendelijk gestemd. Mw heeft op de dag goed gegeten en gedronken."}','2020-01-31 16:45:16'),(1071,'weight',51,19,'{"value":93,"unit":"kg"}','2020-02-21 11:36:29'),(1072,'blood_pressure',51,5,'{"systolic":102,"diastolic":158,"unit":"mm Hg"}','2020-04-08 04:50:34'),(1073,'other',51,9,'{"value":null,"unit":null,"description":"Besmet met het Covid-19 virus"}','2020-01-26 08:42:55'),(1074,'other',52,8,'{"value":35,"unit":"%","description":"Juist antwoorden bij laatste pubquiz"}','2020-02-15 09:00:34'),(1075,'height',45,29,'{"value":177,"unit":"cm"}','2020-04-06 08:16:52'),(1076,'text',46,29,'{"text":"Mw. was vriendelijk gestemd. Mw. heeft vanmorgen goed gegeten en gedronken."}','2020-04-04 17:22:19'),(1077,'height',49,28,'{"value":121,"unit":"cm"}','2020-01-16 19:01:38'),(1078,'text',47,5,'{"text":"Mw heeft vanavond goed gegeten en gedronken. Later ook de koffie."}','2020-03-28 22:53:30'),(1079,'other',43,10,'{"value":80,"unit":"%","description":"Juist antwoorden bij laatste pubquiz"}','2020-01-23 12:18:17'),(1080,'other',43,30,'{"value":false,"unit":null,"description":"Besmet met het Covid-19 virus"}','2020-02-24 22:14:34'),(1081,'text',43,29,'{"text":"Mw kreeg op tijd haar medicatie. Mw ging verder haar gangetje."}','2020-02-22 06:57:57'),(1082,'weight',48,14,'{"value":117,"unit":"kg"}','2020-01-18 19:58:44'),(1083,'other',45,19,'{"value":71,"unit":"%","description":"Juist antwoorden bij laatste pubquiz"}','2020-03-30 06:28:29'),(1084,'text',50,5,'{"text":"Bij mw. langs geweest en medicijnen aangeboden. Nog even een praatje met mw. gemaakt en uitgenodigd om te komen eten. Mw. geeft nog steeds aan dit niet meer te willen\n dit omdat mw. vorige week weg gestuurd is omdat zij te laat was voor de maaltijd aldus mw. Mw. geeft aan het ook veel rustiger te vinden om op haar eigen kamer te eten."}','2020-03-23 07:06:58'),(1085,'weight',45,6,'{"value":89,"unit":"kg"}','2020-01-05 12:15:41'),(1086,'other',44,13,'{"value":51,"unit":"%","description":"Juist antwoorden bij laatste pubquiz"}','2020-01-27 02:11:50'),(1087,'height',43,29,'{"value":161,"unit":"cm"}','2020-02-13 23:34:35'),(1088,'weight',48,14,'{"value":22,"unit":"kg"}','2020-03-26 07:58:11'),(1089,'height',47,30,'{"value":148,"unit":"cm"}','2020-03-29 04:17:44'),(1090,'blood_pressure',52,15,'{"systolic":96,"diastolic":156,"unit":"mm Hg"}','2020-02-29 13:14:59'),(1091,'blood_pressure',43,26,'{"systolic":80,"diastolic":116,"unit":"mm Hg"}','2020-02-26 22:52:04'),(1092,'height',52,12,'{"value":160,"unit":"cm"}','2020-02-02 21:09:49'),(1093,'height',48,6,'{"value":178,"unit":"cm"}','2020-03-12 05:58:48'),(1094,'other',51,19,'{"value":7,"unit":"%","description":"Juist antwoorden bij laatste pubquiz"}','2020-03-10 15:43:41'),(1095,'weight',50,23,'{"value":133,"unit":"kg"}','2020-02-17 17:46:10'),(1096,'weight',43,26,'{"value":66,"unit":"kg"}','2020-03-30 18:02:42'),(1097,'weight',46,25,'{"value":46,"unit":"kg"}','2020-01-19 02:27:53'),(1098,'weight',43,17,'{"value":76,"unit":"kg"}','2020-02-14 02:45:14'),(1099,'blood_pressure',44,10,'{"systolic":119,"diastolic":177,"unit":"mm Hg"}','2020-02-06 19:59:35'),(1100,'blood_pressure',45,22,'{"systolic":92,"diastolic":121,"unit":"mm Hg"}','2020-04-07 01:19:20'),(1101,'text',44,19,'{"text":"Geen oedeem\n st.kousen aangedaan"}','2020-03-10 19:04:19'),(1102,'weight',48,22,'{"value":69,"unit":"kg"}','2020-03-30 21:26:07'),(1103,'height',51,22,'{"value":190,"unit":"cm"}','2020-02-27 12:07:14'),(1104,'other',51,13,'{"value":34,"unit":"%","description":"Juist antwoorden bij laatste pubquiz"}','2020-02-20 08:33:01'),(1105,'text',46,20,'{"text":"Steunkousen aangedaan"}','2020-02-14 22:17:52'),(1106,'blood_pressure',45,6,'{"systolic":106,"diastolic":161,"unit":"mm Hg"}','2020-01-13 08:48:37'),(1107,'text',48,6,'{"text":"Mevr is door zoon opgehaald\nzou niet mee eten met de lunch en avondmaaltijd. Zoon zou aangeven als mevr weer terug zou zijn. medicatie van 12:00\n17:00 en 21:00 is meegegeven."}','2020-03-14 20:47:41'),(1108,'other',49,28,'{"value":99,"unit":"%","description":"Juist antwoorden bij laatste pubquiz"}','2020-03-03 01:37:48'),(1109,'text',51,5,'{"text":"Mw.begeleid met wassen aan de wastafel."}','2020-02-09 19:56:55'),(1110,'height',52,24,'{"value":143,"unit":"cm"}','2020-03-03 15:41:59'),(1111,'weight',43,26,'{"value":101,"unit":"kg"}','2020-03-01 04:59:14'),(1112,'other',46,29,'{"value":false,"unit":null,"description":"Besmet met het Covid-19 virus"}','2020-01-07 18:32:43'),(1113,'blood_pressure',43,17,'{"systolic":95,"diastolic":147,"unit":"mm Hg"}','2020-01-03 09:18:27'),(1114,'text',45,22,'{"text":"Mw.haar steunkousen aangetrokken met hulpmiddel en haar schoenen met schoenlepel."}','2020-01-20 16:30:26'),(1115,'other',51,1,'{"value":null,"unit":null,"description":"Besmet met het Covid-19 virus"}','2020-01-10 00:00:43'),(1116,'weight',44,13,'{"value":48,"unit":"kg"}','2020-01-04 13:07:36'),(1117,'text',47,15,'{"text":"Mw.\nwas rond half 6 wakker. Mw. en bed werden verschoond"}','2020-01-03 16:21:25'),(1118,'weight',51,1,'{"value":72,"unit":"kg"}','2019-12-31 10:52:53'),(1119,'text',51,17,'{"text":"vanavond zijn de incoflexen binnen gekomen."}','2020-03-25 23:57:57'),(1120,'height',45,22,'{"value":82,"unit":"cm"}','2020-02-29 19:30:11'),(1121,'weight',46,6,'{"value":78,"unit":"kg"}','2020-01-27 00:50:07'),(1122,'other',51,9,'{"value":true,"unit":null,"description":"Besmet met het Covid-19 virus"}','2020-02-27 04:02:12'),(1123,'other',44,26,'{"value":false,"unit":null,"description":"Besmet met het Covid-19 virus"}','2020-01-14 17:54:50'),(1124,'text',44,19,'{"text":"Zoon gaf aan dat haar moeder last heeft van haar mond. Zij laat het gebit nu ook uit. Woensdagkomt de tandarts in huis. Mevr word hiervoor nog uitgenodigd."}','2020-02-25 16:09:09'),(1125,'weight',46,29,'{"value":38,"unit":"kg"}','2020-03-03 19:32:56'),(1126,'height',51,9,'{"value":195,"unit":"cm"}','2020-01-19 12:10:54'),(1127,'weight',51,21,'{"value":105,"unit":"kg"}','2020-01-05 06:16:42'),(1128,'weight',47,27,'{"value":99,"unit":"kg"}','2020-03-16 19:16:14'),(1129,'height',45,6,'{"value":137,"unit":"cm"}','2020-02-05 15:35:52'),(1130,'weight',46,25,'{"value":108,"unit":"kg"}','2020-04-03 19:50:45'),(1131,'other',52,8,'{"value":50,"unit":"%","description":"Juist antwoorden bij laatste pubquiz"}','2020-03-28 20:07:20'),(1132,'other',45,16,'{"value":false,"unit":null,"description":"Besmet met het Covid-19 virus"}','2020-02-28 04:13:33'),(1133,'blood_pressure',52,15,'{"systolic":96,"diastolic":135,"unit":"mm Hg"}','2020-02-24 16:06:47'),(1134,'weight',46,29,'{"value":90,"unit":"kg"}','2020-03-06 04:04:47'),(1135,'text',48,16,'{"text":"mw is vanmorgen gedoucht\n haren gewassen."}','2020-02-06 21:05:06'),(1136,'other',47,4,'{"value":85,"unit":"%","description":"Juist antwoorden bij laatste pubquiz"}','2020-03-17 14:46:56'),(1137,'weight',50,23,'{"value":120,"unit":"kg"}','2020-01-10 18:01:09'),(1138,'height',45,26,'{"value":95,"unit":"cm"}','2020-03-05 04:58:32'),(1139,'blood_pressure',45,23,'{"systolic":87,"diastolic":117,"unit":"mm Hg"}','2020-03-14 09:49:01'),(1140,'blood_pressure',44,13,'{"systolic":113,"diastolic":144,"unit":"mm Hg"}','2020-04-02 20:46:50'),(1141,'weight',45,22,'{"value":58,"unit":"kg"}','2020-02-24 11:37:33'),(1142,'other',52,16,'{"value":43,"unit":"%","description":"Juist antwoorden bij laatste pubquiz"}','2020-04-04 19:36:06'),(1143,'blood_pressure',51,23,'{"systolic":88,"diastolic":115,"unit":"mm Hg"}','2020-03-29 11:35:17'),(1144,'height',47,5,'{"value":139,"unit":"cm"}','2020-02-13 22:10:24'),(1145,'weight',43,9,'{"value":110,"unit":"kg"}','2020-03-20 13:14:00'),(1146,'text',49,25,'{"text":"Mw is gedoucht\n haar Haar is niet gewassen. Heeft goed gegeten en gedronken. Mw is vriendelijk aanwezig."}','2020-01-14 00:41:44'),(1147,'text',43,30,'{"text":"Mw kreeg op tijd haar medicatie\n verbleef verder op haar kamer."}','2020-02-08 04:49:54'),(1148,'weight',45,16,'{"value":87,"unit":"kg"}','2020-01-25 18:17:08'),(1149,'weight',49,27,'{"value":65,"unit":"kg"}','2020-02-29 03:25:37'),(1150,'other',45,29,'{"value":97,"unit":"%","description":"Juist antwoorden bij laatste pubquiz"}','2020-01-27 14:46:21'),(1151,'blood_pressure',46,6,'{"systolic":91,"diastolic":127,"unit":"mm Hg"}','2020-03-26 13:28:35'),(1152,'other',49,22,'{"value":25,"unit":"%","description":"Juist antwoorden bij laatste pubquiz"}','2020-03-12 22:13:08'),(1153,'text',47,5,'{"text":"Half tabl op tafeltje klaar gezet"}','2020-04-08 02:10:11'),(1154,'weight',51,13,'{"value":76,"unit":"kg"}','2020-02-04 00:43:10'),(1155,'text',49,7,'{"text":"medicatie is voor vanmiddag en vanavond aan dochter meegegeven."}','2020-02-27 14:38:25'),(1156,'height',48,22,'{"value":199,"unit":"cm"}','2020-02-27 21:01:39'),(1157,'height',43,5,'{"value":82,"unit":"cm"}','2020-01-07 23:11:20'),(1158,'other',49,22,'{"value":64,"unit":"%","description":"Juist antwoorden bij laatste pubquiz"}','2020-02-17 17:13:32'),(1159,'blood_pressure',44,10,'{"systolic":102,"diastolic":158,"unit":"mm Hg"}','2020-02-18 16:52:57'),(1160,'weight',52,16,'{"value":73,"unit":"kg"}','2020-03-07 00:19:23'),(1161,'blood_pressure',48,30,'{"systolic":102,"diastolic":150,"unit":"mm Hg"}','2020-03-18 19:27:26'),(1162,'blood_pressure',51,5,'{"systolic":108,"diastolic":128,"unit":"mm Hg"}','2020-01-22 23:52:38'),(1163,'other',44,13,'{"value":69,"unit":"%","description":"Juist antwoorden bij laatste pubquiz"}','2020-04-06 09:59:26'),(1164,'weight',51,19,'{"value":124,"unit":"kg"}','2020-02-20 06:21:00'),(1165,'other',45,5,'{"value":false,"unit":null,"description":"Besmet met het Covid-19 virus"}','2020-04-05 21:13:39'),(1166,'height',48,16,'{"value":134,"unit":"cm"}','2020-02-06 01:03:37'),(1167,'weight',44,18,'{"value":140,"unit":"kg"}','2020-02-24 14:09:14'),(1168,'text',51,9,'{"text":"mw gaf aan buikpijn te hebben en wilde niet eten. Mw is niet meegegaan naar de huiskamer. Later belde dochter dat mw. wat rijst en boullion heeft gegeten en dat de klachten verminderd zijn."}','2020-01-15 01:09:05'),(1169,'height',45,16,'{"value":156,"unit":"cm"}','2020-02-08 05:08:27'),(1170,'weight',49,27,'{"value":89,"unit":"kg"}','2020-01-25 21:23:54'),(1171,'blood_pressure',47,5,'{"systolic":108,"diastolic":136,"unit":"mm Hg"}','2020-01-27 16:45:46'),(1172,'other',43,24,'{"value":34,"unit":"%","description":"Juist antwoorden bij laatste pubquiz"}','2020-03-07 23:37:21'),(1173,'weight',48,30,'{"value":39,"unit":"kg"}','2020-03-25 05:35:35'),(1174,'weight',46,4,'{"value":92,"unit":"kg"}','2020-03-21 14:10:19'),(1175,'text',52,15,'{"text":"Mw. is haar huissleutel kwijt\n mw. denk zelf dat hij ergens in haar appartement moet liggen."}','2020-01-16 02:42:12'),(1176,'other',52,16,'{"value":null,"unit":null,"description":"Besmet met het Covid-19 virus"}','2020-03-03 12:46:00'),(1177,'blood_pressure',45,29,'{"systolic":83,"diastolic":115,"unit":"mm Hg"}','2020-01-17 08:04:43'),(1178,'blood_pressure',50,23,'{"systolic":89,"diastolic":116,"unit":"mm Hg"}','2020-01-06 01:04:23'),(1179,'other',46,17,'{"value":null,"unit":null,"description":"Besmet met het Covid-19 virus"}','2020-03-02 03:15:09'),(1180,'blood_pressure',45,5,'{"systolic":105,"diastolic":131,"unit":"mm Hg"}','2020-03-29 14:54:41'),(1181,'text',44,1,'{"text":"Mw gewassen aan de wastafel en gekleed."}','2020-02-09 06:55:00'),(1182,'text',46,1,'{"text":"Behandelaar is nu Fysiotherapeut a.s maandag 1e afspraak\n hij bepaalt verder wat nodig is"}','2020-01-31 11:32:34'),(1183,'weight',45,19,'{"value":89,"unit":"kg"}','2020-01-14 21:29:43'),(1184,'blood_pressure',48,30,'{"systolic":98,"diastolic":140,"unit":"mm Hg"}','2020-01-18 15:06:37'),(1185,'height',46,29,'{"value":171,"unit":"cm"}','2020-03-25 12:53:59'),(1186,'height',47,5,'{"value":148,"unit":"cm"}','2020-01-21 13:51:05'),(1187,'other',49,29,'{"value":null,"unit":null,"description":"Besmet met het Covid-19 virus"}','2020-03-21 03:17:07'),(1188,'height',45,23,'{"value":178,"unit":"cm"}','2020-01-17 16:16:55'),(1189,'weight',47,4,'{"value":134,"unit":"kg"}','2020-02-24 05:32:41'),(1190,'blood_pressure',48,8,'{"systolic":112,"diastolic":152,"unit":"mm Hg"}','2020-03-13 21:20:55'),(1191,'text',52,22,'{"text":"Mw kreeg vanmorgen haar medicatie aangereikt en ingenomen."}','2020-02-15 00:33:35'),(1192,'weight',46,6,'{"value":58,"unit":"kg"}','2020-02-22 13:39:20'),(1193,'weight',50,3,'{"value":52,"unit":"kg"}','2020-02-14 01:28:14'),(1194,'blood_pressure',46,20,'{"systolic":113,"diastolic":155,"unit":"mm Hg"}','2020-03-27 12:46:45'),(1195,'weight',44,18,'{"value":92,"unit":"kg"}','2020-01-25 05:54:53'),(1196,'height',46,20,'{"value":167,"unit":"cm"}','2020-03-31 05:33:49'),(1197,'blood_pressure',47,12,'{"systolic":107,"diastolic":142,"unit":"mm Hg"}','2020-01-12 01:14:29'),(1198,'weight',49,24,'{"value":66,"unit":"kg"}','2019-12-30 20:24:16'),(1199,'blood_pressure',45,16,'{"systolic":82,"diastolic":134,"unit":"mm Hg"}','2020-04-02 12:29:57'),(1200,'other',45,5,'{"value":null,"unit":null,"description":"Besmet met het Covid-19 virus"}','2020-03-10 11:14:30'),(1201,'text',48,22,'{"text":"Op mw. haar tafel lagen nog medicijnen van de ochtend. Mw. geeft aan te vinden dat ze veels te veel pillen krijgt en dat haar arts gezegt zou hebben dat dit niet nodig is ivm dat een hoop aandoeningen van mw. chronisch is."}','2020-02-27 12:58:47'),(1202,'text',52,11,'{"text":"Mw ondersteund bij wasen en aankleden."}','2020-01-27 09:04:44'),(1203,'other',48,27,'{"value":32,"unit":"%","description":"Juist antwoorden bij laatste pubquiz"}','2020-03-10 18:52:11'),(1204,'other',49,25,'{"value":null,"unit":null,"description":"Besmet met het Covid-19 virus"}','2020-03-21 20:12:49'),(1205,'blood_pressure',46,4,'{"systolic":92,"diastolic":128,"unit":"mm Hg"}','2020-03-23 19:06:49'),(1206,'height',51,3,'{"value":102,"unit":"cm"}','2020-02-22 00:51:09'),(1207,'blood_pressure',48,5,'{"systolic":112,"diastolic":158,"unit":"mm Hg"}','2020-02-26 06:39:55'),(1208,'text',47,5,'{"text":"Mw is geholpen met douchen en aankleden"}','2020-03-06 14:16:26'),(1209,'blood_pressure',44,13,'{"systolic":102,"diastolic":141,"unit":"mm Hg"}','2020-01-13 10:25:44'),(1210,'height',52,15,'{"value":71,"unit":"cm"}','2020-02-11 23:49:02'),(1211,'blood_pressure',51,12,'{"systolic":85,"diastolic":136,"unit":"mm Hg"}','2020-01-22 13:08:20'),(1212,'blood_pressure',49,25,'{"systolic":106,"diastolic":132,"unit":"mm Hg"}','2020-02-03 16:08:57'),(1213,'blood_pressure',43,4,'{"systolic":83,"diastolic":124,"unit":"mm Hg"}','2020-01-28 07:07:13'),(1214,'text',49,29,'{"text":"Mw is vanavond met haar dochter mee geweest. Medicatie is meegegeven."}','2020-02-10 15:19:11'),(1215,'other',46,1,'{"value":41,"unit":"%","description":"Juist antwoorden bij laatste pubquiz"}','2019-12-30 12:10:49'),(1216,'weight',47,2,'{"value":42,"unit":"kg"}','2020-01-22 07:28:11'),(1217,'weight',45,23,'{"value":17,"unit":"kg"}','2020-01-14 17:23:06'),(1218,'other',43,25,'{"value":78,"unit":"%","description":"Juist antwoorden bij laatste pubquiz"}','2020-01-18 06:05:28'),(1219,'weight',51,20,'{"value":138,"unit":"kg"}','2020-03-13 05:21:23'),(1220,'other',47,12,'{"value":true,"unit":null,"description":"Besmet met het Covid-19 virus"}','2020-03-05 13:03:08'),(1221,'weight',51,22,'{"value":119,"unit":"kg"}','2020-03-22 10:49:35'),(1222,'height',43,9,'{"value":138,"unit":"cm"}','2020-01-10 08:08:06'),(1223,'other',52,16,'{"value":false,"unit":null,"description":"Besmet met het Covid-19 virus"}','2020-03-04 06:35:44'),(1224,'blood_pressure',47,15,'{"systolic":114,"diastolic":170,"unit":"mm Hg"}','2020-02-24 10:51:53'),(1225,'other',48,5,'{"value":false,"unit":null,"description":"Besmet met het Covid-19 virus"}','2020-03-26 12:19:55'),(1226,'text',48,27,'{"text":"Steunkousen aangedaan"}','2020-02-10 16:59:15'),(1227,'text',51,19,'{"text":"Medicatie klaar gezet op tafeltje in de keuken voor 18:00/22:00 bloedverdunner 2de controle is mw zelf"}','2020-02-17 03:43:29'),(1228,'blood_pressure',45,16,'{"systolic":116,"diastolic":155,"unit":"mm Hg"}','2020-01-27 00:38:28'),(1229,'height',49,27,'{"value":118,"unit":"cm"}','2020-02-06 21:27:34'),(1230,'blood_pressure',49,27,'{"systolic":99,"diastolic":157,"unit":"mm Hg"}','2020-02-08 13:39:03'),(1231,'weight',49,22,'{"value":110,"unit":"kg"}','2020-03-05 12:00:58'),(1232,'text',47,15,'{"text":"Steunkousen met hulpmiddel aangetrokken\n schoenen met schoen lepel."}','2020-01-01 10:25:58'),(1233,'blood_pressure',47,5,'{"systolic":91,"diastolic":132,"unit":"mm Hg"}','2020-02-07 18:27:25'),(1234,'weight',44,19,'{"value":121,"unit":"kg"}','2020-03-11 04:26:22'),(1235,'other',51,10,'{"value":true,"unit":null,"description":"Besmet met het Covid-19 virus"}','2020-01-23 23:19:10'),(1236,'other',43,10,'{"value":89,"unit":"%","description":"Juist antwoorden bij laatste pubquiz"}','2020-03-11 11:53:06'),(1237,'weight',43,26,'{"value":126,"unit":"kg"}','2020-02-17 07:08:51'),(1238,'weight',52,22,'{"value":95,"unit":"kg"}','2020-03-06 17:17:39'),(1239,'weight',51,3,'{"value":67,"unit":"kg"}','2020-03-05 03:50:52'),(1240,'blood_pressure',51,17,'{"systolic":113,"diastolic":136,"unit":"mm Hg"}','2020-02-10 04:00:46'),(1241,'blood_pressure',43,26,'{"systolic":105,"diastolic":133,"unit":"mm Hg"}','2020-02-17 14:18:46'),(1242,'weight',47,5,'{"value":106,"unit":"kg"}','2020-03-19 05:04:46'),(1243,'height',44,8,'{"value":139,"unit":"cm"}','2020-02-25 07:09:02'),(1244,'weight',48,16,'{"value":127,"unit":"kg"}','2020-03-03 17:31:47'),(1245,'other',44,4,'{"value":false,"unit":null,"description":"Besmet met het Covid-19 virus"}','2020-03-20 15:25:42'),(1246,'weight',46,1,'{"value":104,"unit":"kg"}','2019-12-31 00:26:03'),(1247,'text',48,27,'{"text":"Mw omgekleed voor de nacht. Rug e n blauw plekken ingesmeerd met voorgeschreven zalven"}','2020-01-04 21:38:05'),(1248,'text',47,2,'{"text":"Mw heeft slecht gegeten."}','2020-03-23 03:43:23'),(1249,'other',51,22,'{"value":33,"unit":"%","description":"Juist antwoorden bij laatste pubquiz"}','2020-03-27 22:20:59'),(1250,'height',49,28,'{"value":206,"unit":"cm"}','2019-12-30 04:32:43'),(1251,'other',49,11,'{"value":89,"unit":"%","description":"Juist antwoorden bij laatste pubquiz"}','2020-02-17 20:14:34'),(1252,'blood_pressure',51,22,'{"systolic":91,"diastolic":132,"unit":"mm Hg"}','2020-01-04 09:10:40'),(1253,'weight',52,16,'{"value":64,"unit":"kg"}','2020-04-07 22:31:08'),(1254,'height',43,20,'{"value":120,"unit":"cm"}','2020-04-01 22:32:20'),(1255,'weight',48,14,'{"value":47,"unit":"kg"}','2020-02-15 10:06:04'),(1256,'other',44,8,'{"value":65,"unit":"%","description":"Juist antwoorden bij laatste pubquiz"}','2020-01-28 15:22:39'),(1257,'text',50,23,'{"text":"Steunkousen zijn uitgetrokken en benen ingesmeerd met bodylotion"}','2020-02-20 21:14:12'),(1258,'height',43,30,'{"value":160,"unit":"cm"}','2020-03-12 07:43:34'),(1259,'blood_pressure',51,22,'{"systolic":86,"diastolic":110,"unit":"mm Hg"}','2020-02-28 19:58:50'),(1260,'blood_pressure',51,17,'{"systolic":87,"diastolic":108,"unit":"mm Hg"}','2020-04-07 16:48:28'),(1261,'height',46,20,'{"value":156,"unit":"cm"}','2020-02-20 16:49:12'),(1262,'other',44,1,'{"value":12,"unit":"%","description":"Juist antwoorden bij laatste pubquiz"}','2020-02-12 04:08:01'),(1263,'height',45,10,'{"value":173,"unit":"cm"}','2020-01-28 02:27:51'),(1264,'blood_pressure',43,9,'{"systolic":112,"diastolic":146,"unit":"mm Hg"}','2020-03-17 15:36:34'),(1265,'other',51,13,'{"value":50,"unit":"%","description":"Juist antwoorden bij laatste pubquiz"}','2020-02-21 21:29:57'),(1266,'blood_pressure',49,27,'{"systolic":115,"diastolic":143,"unit":"mm Hg"}','2020-01-02 18:46:39'),(1267,'text',47,19,'{"text":"Mw kreeg haar steunkousen uitgetrokken en benen zijn ingesmeerd met bodylotion. Mw geholpen met uitkleden en rug ingesmeerd met lanette crome"}','2020-02-03 00:32:20'),(1268,'other',51,5,'{"value":true,"unit":null,"description":"Besmet met het Covid-19 virus"}','2020-02-20 02:50:35'),(1269,'height',51,17,'{"value":201,"unit":"cm"}','2020-03-29 17:47:42'),(1270,'blood_pressure',45,26,'{"systolic":80,"diastolic":133,"unit":"mm Hg"}','2020-03-11 14:29:41'),(1271,'weight',49,7,'{"value":104,"unit":"kg"}','2019-12-31 06:28:43'),(1272,'weight',48,14,'{"value":56,"unit":"kg"}','2020-02-25 05:27:30'),(1273,'height',48,27,'{"value":109,"unit":"cm"}','2020-03-08 05:25:19'),(1274,'other',44,26,'{"value":62,"unit":"%","description":"Juist antwoorden bij laatste pubquiz"}','2020-03-15 18:44:26'),(1275,'other',45,10,'{"value":false,"unit":null,"description":"Besmet met het Covid-19 virus"}','2020-02-08 15:43:54'),(1276,'text',44,1,'{"text":"Rug ingesmeerd met voorgeschreven zalf."}','2020-03-06 01:04:59'),(1277,'height',51,23,'{"value":193,"unit":"cm"}','2020-03-15 15:46:25'),(1278,'blood_pressure',43,17,'{"systolic":116,"diastolic":149,"unit":"mm Hg"}','2020-02-07 04:08:12'),(1279,'height',52,15,'{"value":131,"unit":"cm"}','2020-03-27 04:36:47'),(1280,'weight',48,14,'{"value":125,"unit":"kg"}','2020-02-15 00:09:40'),(1281,'weight',45,22,'{"value":19,"unit":"kg"}','2020-03-21 05:16:59'),(1282,'weight',46,4,'{"value":105,"unit":"kg"}','2020-01-25 23:29:18'),(1283,'other',51,21,'{"value":33,"unit":"%","description":"Juist antwoorden bij laatste pubquiz"}','2020-04-07 16:47:22'),(1284,'other',45,26,'{"value":4,"unit":"%","description":"Juist antwoorden bij laatste pubquiz"}','2020-02-15 16:06:58'),(1285,'text',49,29,'{"text":"Bij mw. de medicijnen aangeboden\n mw. blijft heel lang wachten om ze in te nemen\n zegt dan doe ik zo wel."}','2020-01-16 13:07:38'),(1286,'text',47,19,'{"text":"Mw kreeg haar medicatie\n Mw heeft deze onder toezicht ingenomen."}','2020-01-26 10:00:00'),(1287,'height',47,2,'{"value":111,"unit":"cm"}','2020-03-04 07:51:30'),(1288,'height',46,4,'{"value":133,"unit":"cm"}','2020-02-16 01:41:17'),(1289,'height',48,14,'{"value":197,"unit":"cm"}','2020-02-20 18:00:06'),(1290,'height',43,20,'{"value":195,"unit":"cm"}','2020-03-28 00:41:01'),(1291,'weight',48,16,'{"value":17,"unit":"kg"}','2020-03-09 15:01:30'),(1292,'text',51,20,'{"text":"Vanochtend naar ZH geweest\nadvies arts: breuk nog steeds gunstig. Duurt 4-6 wkn voordat deze aan de buitenkant niet meer zichtbaar is op de foto\n dus binnenin duurt het langer. Mw hoeft niet meer terug"}','2020-02-23 11:28:48'),(1293,'text',43,17,'{"text":"Steunkousen uitgetrokken."}','2020-03-29 13:35:49'),(1294,'weight',48,16,'{"value":60,"unit":"kg"}','2020-01-24 08:20:27'),(1295,'text',52,11,'{"text":"mw was aan het roepen vannacht. mw was uit bed gerold. mw heeft geen zichtbaar letsel. mic is igevuld."}','2020-01-30 08:47:27'),(1296,'blood_pressure',49,11,'{"systolic":106,"diastolic":130,"unit":"mm Hg"}','2020-03-23 11:37:40'),(1297,'height',49,7,'{"value":104,"unit":"cm"}','2020-01-21 21:38:54'),(1298,'text',46,29,'{"text":"Rug ingesmeerd met voorgeschreven zalf."}','2020-02-09 22:13:39'),(1299,'text',48,5,'{"text":"Mw aan de wastafel gehol oppen met wassen en smeren."}','2020-04-07 10:28:55'),(1300,'other',48,20,'{"value":true,"unit":null,"description":"Besmet met het Covid-19 virus"}','2020-04-03 11:45:59'),(1301,'blood_pressure',47,5,'{"systolic":89,"diastolic":143,"unit":"mm Hg"}','2020-02-01 11:24:41'),(1302,'blood_pressure',49,29,'{"systolic":107,"diastolic":153,"unit":"mm Hg"}','2020-02-04 19:59:10'),(1303,'blood_pressure',46,18,'{"systolic":106,"diastolic":164,"unit":"mm Hg"}','2020-02-29 14:13:03'),(1304,'other',43,20,'{"value":88,"unit":"%","description":"Juist antwoorden bij laatste pubquiz"}','2020-03-09 03:03:12'),(1305,'weight',44,19,'{"value":16,"unit":"kg"}','2020-02-10 13:11:27'),(1306,'weight',49,25,'{"value":76,"unit":"kg"}','2020-02-17 21:18:54'),(1307,'weight',51,7,'{"value":90,"unit":"kg"}','2020-04-04 17:05:15'),(1308,'weight',43,9,'{"value":74,"unit":"kg"}','2020-01-15 02:54:47'),(1309,'weight',45,26,'{"value":139,"unit":"kg"}','2020-02-07 05:45:49'),(1310,'text',52,26,'{"text":"Bij mw. de medicijnen aangeboden. Mw. geeft aan zich al beter te voelen."}','2020-02-15 08:58:52'),(1311,'height',51,12,'{"value":146,"unit":"cm"}','2020-03-25 04:38:56'),(1312,'height',49,25,'{"value":94,"unit":"cm"}','2020-01-10 11:44:24'),(1313,'blood_pressure',49,26,'{"systolic":95,"diastolic":138,"unit":"mm Hg"}','2020-03-04 23:29:44'),(1314,'text',44,18,'{"text":"Mw kreeg haar zorg bij het naar bed gaan."}','2020-02-08 21:00:03'),(1315,'weight',48,27,'{"value":45,"unit":"kg"}','2020-01-30 07:57:03'),(1316,'blood_pressure',45,23,'{"systolic":107,"diastolic":152,"unit":"mm Hg"}','2020-03-15 08:47:06'),(1317,'blood_pressure',49,7,'{"systolic":87,"diastolic":135,"unit":"mm Hg"}','2020-03-30 20:26:31'),(1318,'weight',47,19,'{"value":67,"unit":"kg"}','2020-02-16 23:45:00'),(1319,'weight',43,10,'{"value":105,"unit":"kg"}','2020-01-21 21:54:28'),(1320,'weight',45,9,'{"value":109,"unit":"kg"}','2020-03-01 17:23:31'),(1321,'height',50,23,'{"value":200,"unit":"cm"}','2020-02-08 04:52:26'),(1322,'text',48,27,'{"text":"Op mw. haar tafel lagen nog medicijnen van de ochtend. Mw. geeft aan te vinden dat ze veels te veel pillen krijgt en dat haar arts gezegt zou hebben dat dit niet nodig is ivm dat een hoop aandoeningen van mw. chronisch is."}','2020-03-11 02:24:31'),(1323,'height',43,4,'{"value":135,"unit":"cm"}','2020-03-18 15:09:05'),(1324,'blood_pressure',43,29,'{"systolic":114,"diastolic":151,"unit":"mm Hg"}','2020-03-08 16:33:33'),(1325,'blood_pressure',43,4,'{"systolic":114,"diastolic":140,"unit":"mm Hg"}','2020-01-22 15:59:58'),(1326,'other',51,22,'{"value":34,"unit":"%","description":"Juist antwoorden bij laatste pubquiz"}','2020-01-02 15:08:45'),(1327,'blood_pressure',51,23,'{"systolic":102,"diastolic":145,"unit":"mm Hg"}','2020-03-14 05:57:07'),(1328,'weight',45,5,'{"value":89,"unit":"kg"}','2020-01-17 05:22:25'),(1329,'height',50,5,'{"value":151,"unit":"cm"}','2020-01-15 23:37:05'),(1330,'height',43,26,'{"value":76,"unit":"cm"}','2020-01-18 18:15:39'),(1331,'text',47,19,'{"text":"mw is vanmorgen gedoucht\n haren gewassen."}','2020-02-11 06:22:51'),(1332,'text',52,16,'{"text":"Op mw. haar tafel lagen nog medicijnen van de ochtend. Mw. geeft aan te vinden dat ze veels te veel pillen krijgt en dat haar arts gezegt zou hebben dat dit niet nodig is ivm dat een hoop aandoeningen van mw. chronisch is."}','2020-02-22 19:46:26'),(1333,'blood_pressure',48,14,'{"systolic":116,"diastolic":154,"unit":"mm Hg"}','2020-03-26 05:14:27'),(1334,'height',44,13,'{"value":120,"unit":"cm"}','2020-04-05 10:06:06'),(1335,'blood_pressure',51,13,'{"systolic":106,"diastolic":166,"unit":"mm Hg"}','2020-01-24 01:55:45'),(1336,'blood_pressure',49,27,'{"systolic":97,"diastolic":132,"unit":"mm Hg"}','2020-03-13 04:52:57'),(1337,'height',48,30,'{"value":166,"unit":"cm"}','2020-03-08 05:15:04'),(1338,'blood_pressure',51,17,'{"systolic":99,"diastolic":139,"unit":"mm Hg"}','2020-04-04 22:48:47'),(1339,'blood_pressure',46,6,'{"systolic":83,"diastolic":115,"unit":"mm Hg"}','2020-01-17 12:28:56'),(1340,'blood_pressure',44,1,'{"systolic":106,"diastolic":159,"unit":"mm Hg"}','2020-02-27 07:04:36'),(1341,'weight',50,23,'{"value":25,"unit":"kg"}','2020-01-09 14:54:36'),(1342,'weight',46,29,'{"value":29,"unit":"kg"}','2020-03-13 14:09:43'),(1343,'height',45,22,'{"value":154,"unit":"cm"}','2020-03-31 02:50:08'),(1344,'text',46,4,'{"text":"Mw heeft haar medicijnen ingenomen"}','2020-03-14 14:37:02'),(1345,'text',47,27,'{"text":"Kousen zijn uit gedaan en benen zijn ingesmeerd. Rechter been wat oedemateus. "}','2020-03-30 11:02:25'),(1346,'other',47,27,'{"value":28,"unit":"%","description":"Juist antwoorden bij laatste pubquiz"}','2020-03-23 02:17:25'),(1347,'other',51,23,'{"value":true,"unit":null,"description":"Besmet met het Covid-19 virus"}','2020-04-03 12:46:29'),(1348,'text',45,19,'{"text":"Wederom paar keer bij mw. langs geweest om mee te gaan voor het ontbijt\nom 10.30u was mw. nog steeds in ochtendjas en zei nog niet klaar te zijn."}','2020-01-10 13:04:23'),(1349,'weight',47,12,'{"value":71,"unit":"kg"}','2020-02-19 17:28:09'),(1350,'text',46,29,'{"text":"Med.klaargelegd van 18:00 uur en 22:00 uur. Bloedverdunners 2."}','2020-04-07 05:07:20'),(1351,'other',43,5,'{"value":81,"unit":"%","description":"Juist antwoorden bij laatste pubquiz"}','2020-02-28 14:15:12'),(1352,'weight',51,9,'{"value":111,"unit":"kg"}','2020-01-18 15:32:14'),(1353,'blood_pressure',44,19,'{"systolic":87,"diastolic":111,"unit":"mm Hg"}','2020-03-09 14:13:28'),(1354,'height',43,10,'{"value":102,"unit":"cm"}','2020-03-12 23:29:33'),(1355,'weight',47,12,'{"value":138,"unit":"kg"}','2020-02-16 21:28:22'),(1356,'other',48,6,'{"value":60,"unit":"%","description":"Juist antwoorden bij laatste pubquiz"}','2020-02-11 01:55:45'),(1357,'weight',43,9,'{"value":129,"unit":"kg"}','2020-02-26 23:27:59'),(1358,'other',45,23,'{"value":68,"unit":"%","description":"Juist antwoorden bij laatste pubquiz"}','2020-03-30 10:44:53'),(1359,'other',49,27,'{"value":19,"unit":"%","description":"Juist antwoorden bij laatste pubquiz"}','2020-01-04 20:49:36'),(1360,'height',50,3,'{"value":129,"unit":"cm"}','2020-03-27 22:54:22'),(1361,'weight',45,16,'{"value":88,"unit":"kg"}','2020-03-09 04:49:36'),(1362,'weight',44,10,'{"value":116,"unit":"kg"}','2020-01-25 05:56:01'),(1363,'height',48,16,'{"value":176,"unit":"cm"}','2020-03-17 16:19:01'),(1364,'weight',52,26,'{"value":69,"unit":"kg"}','2020-04-07 02:28:25'),(1365,'weight',47,15,'{"value":129,"unit":"kg"}','2020-03-26 03:44:54'),(1366,'height',47,5,'{"value":157,"unit":"cm"}','2020-02-24 22:02:28'),(1367,'other',51,5,'{"value":null,"unit":null,"description":"Besmet met het Covid-19 virus"}','2020-01-17 13:02:46'),(1368,'weight',47,15,'{"value":48,"unit":"kg"}','2020-03-04 18:43:29'),(1369,'other',50,5,'{"value":false,"unit":null,"description":"Besmet met het Covid-19 virus"}','2020-01-15 16:53:25'),(1370,'text',43,30,'{"text":"Ondersteunt bij wassen en aankleden"}','2020-03-20 03:22:41'),(1371,'text',46,18,'{"text":"Onderbenen gewassen en steunkousen aangedaan"}','2020-04-01 04:05:08'),(1372,'height',52,12,'{"value":74,"unit":"cm"}','2020-01-11 21:55:35'),(1373,'height',48,20,'{"value":154,"unit":"cm"}','2020-02-21 17:02:30'),(1374,'other',52,16,'{"value":null,"unit":null,"description":"Besmet met het Covid-19 virus"}','2020-02-25 01:51:41'),(1375,'other',51,5,'{"value":100,"unit":"%","description":"Juist antwoorden bij laatste pubquiz"}','2020-03-14 17:59:42'),(1376,'weight',51,9,'{"value":110,"unit":"kg"}','2020-01-26 18:37:31'),(1377,'text',44,8,'{"text":"Mw.haar steunkousen aangetrokken met hulpmiddel en haar schoenen met schoenlepel."}','2020-01-25 22:13:57'),(1378,'other',48,14,'{"value":55,"unit":"%","description":"Juist antwoorden bij laatste pubquiz"}','2020-03-09 23:00:25'),(1379,'blood_pressure',44,18,'{"systolic":104,"diastolic":129,"unit":"mm Hg"}','2020-01-17 18:29:06'),(1380,'height',51,1,'{"value":116,"unit":"cm"}','2020-04-02 13:28:52'),(1381,'weight',48,5,'{"value":89,"unit":"kg"}','2020-01-09 22:21:45'),(1382,'blood_pressure',46,29,'{"systolic":87,"diastolic":121,"unit":"mm Hg"}','2020-01-12 04:28:54'),(1383,'blood_pressure',52,16,'{"systolic":117,"diastolic":171,"unit":"mm Hg"}','2020-03-01 02:44:58'),(1384,'height',52,16,'{"value":144,"unit":"cm"}','2020-02-05 19:49:10'),(1385,'text',47,30,'{"text":"Mw. lijkt er niet blij mee te zijn als je er op wacht\n lijkt het innemen hierdoor ook uit te stellen."}','2020-01-04 16:52:47'),(1386,'height',45,22,'{"value":70,"unit":"cm"}','2020-02-13 07:22:30'),(1387,'text',43,29,'{"text":"Van ochtend medicijnen bij mw gebracht\nmw was net wakker zei dat ze het zal innemen. Ik heb van de activiteiten begeleider gekregen dat mw haar medicijnen niet had ingenomen en om 11 uur heeft ze deze ingenomen op verzoek van de activiteiten begeleider."}','2020-02-17 16:07:33'),(1388,'height',47,2,'{"value":133,"unit":"cm"}','2020-02-07 18:04:50'),(1389,'other',47,25,'{"value":true,"unit":null,"description":"Besmet met het Covid-19 virus"}','2020-03-12 06:30:43'),(1390,'blood_pressure',47,2,'{"systolic":111,"diastolic":150,"unit":"mm Hg"}','2019-12-31 18:45:43'),(1391,'height',49,28,'{"value":162,"unit":"cm"}','2020-03-25 23:28:14'),(1392,'height',45,26,'{"value":127,"unit":"cm"}','2020-02-15 01:06:34'),(1393,'blood_pressure',43,9,'{"systolic":116,"diastolic":149,"unit":"mm Hg"}','2020-02-29 06:43:51'),(1394,'blood_pressure',51,21,'{"systolic":99,"diastolic":137,"unit":"mm Hg"}','2020-01-25 06:02:25'),(1395,'blood_pressure',48,14,'{"systolic":115,"diastolic":156,"unit":"mm Hg"}','2020-02-12 22:30:58'),(1396,'blood_pressure',50,3,'{"systolic":88,"diastolic":109,"unit":"mm Hg"}','2020-01-19 15:18:46'),(1397,'text',46,6,'{"text":"Mw gewassen aan de wastafel en gekleed."}','2020-03-16 02:54:33'),(1398,'height',48,5,'{"value":183,"unit":"cm"}','2020-04-06 00:30:10'),(1399,'blood_pressure',52,11,'{"systolic":115,"diastolic":137,"unit":"mm Hg"}','2020-04-01 09:01:55'),(1400,'blood_pressure',45,26,'{"systolic":80,"diastolic":111,"unit":"mm Hg"}','2020-01-16 14:17:06'),(1401,'height',49,28,'{"value":170,"unit":"cm"}','2020-01-06 01:41:10'),(1402,'weight',52,24,'{"value":130,"unit":"kg"}','2020-02-10 17:33:11'),(1403,'height',49,29,'{"value":98,"unit":"cm"}','2020-01-30 18:14:59'),(1404,'text',49,26,'{"text":"Mw.omgekleed voor de nacht. Rug gesmeerd en benen"}','2020-03-03 01:15:30'),(1405,'blood_pressure',43,30,'{"systolic":83,"diastolic":121,"unit":"mm Hg"}','2020-02-15 09:17:21'),(1406,'height',52,26,'{"value":78,"unit":"cm"}','2020-04-01 07:26:00'),(1407,'weight',43,29,'{"value":83,"unit":"kg"}','2020-02-19 06:38:11'),(1408,'blood_pressure',43,9,'{"systolic":104,"diastolic":133,"unit":"mm Hg"}','2020-03-22 03:06:44'),(1409,'other',51,21,'{"value":true,"unit":null,"description":"Besmet met het Covid-19 virus"}','2020-02-22 04:11:04'),(1410,'other',49,25,'{"value":true,"unit":null,"description":"Besmet met het Covid-19 virus"}','2020-03-20 07:25:30'),(1411,'height',43,17,'{"value":184,"unit":"cm"}','2020-02-10 02:28:12'),(1412,'text',52,22,'{"text":"Mw is gedoucht\n haar Haar is niet gewassen. Heeft goed gegeten en gedronken. Mw is vriendelijk aanwezig."}','2019-12-30 10:49:34'),(1413,'blood_pressure',48,8,'{"systolic":85,"diastolic":106,"unit":"mm Hg"}','2020-01-31 19:33:42'),(1414,'height',47,19,'{"value":199,"unit":"cm"}','2020-03-01 20:12:30'),(1415,'blood_pressure',45,16,'{"systolic":115,"diastolic":174,"unit":"mm Hg"}','2020-02-22 19:40:38'),(1416,'other',51,12,'{"value":false,"unit":null,"description":"Besmet met het Covid-19 virus"}','2020-02-29 12:47:05'),(1417,'height',51,7,'{"value":114,"unit":"cm"}','2020-03-28 12:50:53'),(1418,'text',50,6,'{"text":"Med.klaargelegd van 18:00 uur en 22:00 uur. Bloedverdunners 2."}','2020-02-24 02:04:41'),(1419,'weight',49,10,'{"value":41,"unit":"kg"}','2020-03-24 14:08:13'),(1420,'height',47,5,'{"value":177,"unit":"cm"}','2020-04-01 08:08:01'),(1421,'height',45,26,'{"value":165,"unit":"cm"}','2020-03-04 18:59:58'),(1422,'blood_pressure',51,1,'{"systolic":97,"diastolic":133,"unit":"mm Hg"}','2020-03-24 14:33:34'),(1423,'text',47,2,'{"text":"Om 04.00 uur zat mevr. naast haar bed. Geen zichtbaar letsel\n dus haar terug geholpen in bed."}','2020-04-06 22:26:05'),(1424,'blood_pressure',48,14,'{"systolic":82,"diastolic":133,"unit":"mm Hg"}','2020-02-23 22:56:18'),(1425,'blood_pressure',43,5,'{"systolic":86,"diastolic":114,"unit":"mm Hg"}','2020-03-06 18:16:43'),(1426,'blood_pressure',48,30,'{"systolic":82,"diastolic":131,"unit":"mm Hg"}','2020-04-04 16:08:19'),(1427,'blood_pressure',44,18,'{"systolic":120,"diastolic":143,"unit":"mm Hg"}','2020-02-22 11:15:04'),(1428,'text',47,25,'{"text":"Mw kreeg haar zorg en was vriendelijk gestemd. Mw heeft op de dag goed gegeten en gedronken."}','2020-01-21 16:05:18'),(1429,'other',45,16,'{"value":false,"unit":null,"description":"Besmet met het Covid-19 virus"}','2020-02-23 21:47:05'),(1430,'weight',47,2,'{"value":30,"unit":"kg"}','2020-03-29 21:34:00'),(1431,'blood_pressure',52,3,'{"systolic":86,"diastolic":134,"unit":"mm Hg"}','2020-02-19 06:20:31'),(1432,'blood_pressure',49,11,'{"systolic":120,"diastolic":142,"unit":"mm Hg"}','2020-02-01 07:10:55'),(1433,'other',51,19,'{"value":false,"unit":null,"description":"Besmet met het Covid-19 virus"}','2020-03-14 12:19:11'),(1434,'height',46,6,'{"value":199,"unit":"cm"}','2020-01-26 03:36:35'),(1435,'text',51,23,'{"text":"Mw.geeft aan dat ze 3x per dag haar fysio.oefeningen doet ivm.li.arm."}','2020-03-22 10:05:17'),(1436,'text',45,10,'{"text":"Bij mw. de medicijnen aangeboden. Mw. geeft aan zich al beter te voelen."}','2020-04-07 02:04:57'),(1437,'height',49,11,'{"value":135,"unit":"cm"}','2020-03-10 02:37:27'),(1438,'weight',47,25,'{"value":87,"unit":"kg"}','2020-03-17 13:26:57'),(1439,'height',43,24,'{"value":132,"unit":"cm"}','2020-03-26 20:53:00'),(1440,'height',47,19,'{"value":138,"unit":"cm"}','2020-04-04 09:04:55'),(1441,'text',43,4,'{"text":"Mw.omgekleed voor de nacht. Rug gesmeerd en benen"}','2020-01-30 13:18:10'),(1442,'weight',51,12,'{"value":46,"unit":"kg"}','2020-02-12 21:59:45'),(1443,'height',51,10,'{"value":108,"unit":"cm"}','2020-01-13 06:00:47'),(1444,'height',43,20,'{"value":167,"unit":"cm"}','2020-02-19 00:00:24'),(1445,'weight',43,9,'{"value":115,"unit":"kg"}','2020-02-08 10:28:09'),(1446,'weight',49,22,'{"value":45,"unit":"kg"}','2020-02-05 07:07:45'),(1447,'text',44,10,'{"text":"Mw. heeft haar dochter even telefonisch gesproken."}','2020-03-30 13:54:27'),(1448,'height',43,17,'{"value":144,"unit":"cm"}','2020-02-23 17:24:20'),(1449,'text',44,30,'{"text":"Van ochtend medicijnen bij mw gebracht\nmw was net wakker zei dat ze het zal innemen. Ik heb van de activiteiten begeleider gekregen dat mw haar medicijnen niet had ingenomen en om 11 uur heeft ze deze ingenomen op verzoek van de activiteiten begeleider."}','2020-03-04 10:37:09'),(1450,'height',44,1,'{"value":163,"unit":"cm"}','2020-02-10 03:57:35'),(1451,'height',48,16,'{"value":170,"unit":"cm"}','2020-01-17 00:15:34'),(1452,'other',51,22,'{"value":45,"unit":"%","description":"Juist antwoorden bij laatste pubquiz"}','2019-12-31 09:25:52'),(1453,'blood_pressure',51,9,'{"systolic":81,"diastolic":101,"unit":"mm Hg"}','2020-02-08 19:48:04'),(1454,'weight',51,13,'{"value":18,"unit":"kg"}','2020-01-09 11:19:32'),(1455,'weight',52,8,'{"value":135,"unit":"kg"}','2020-02-09 14:43:33'),(1456,'weight',47,19,'{"value":62,"unit":"kg"}','2020-03-18 11:33:45'),(1457,'blood_pressure',51,19,'{"systolic":104,"diastolic":138,"unit":"mm Hg"}','2020-03-29 06:40:32'),(1458,'other',46,18,'{"value":38,"unit":"%","description":"Juist antwoorden bij laatste pubquiz"}','2020-04-04 08:46:49'),(1459,'weight',43,20,'{"value":73,"unit":"kg"}','2020-01-22 08:16:55'),(1460,'blood_pressure',48,6,'{"systolic":89,"diastolic":118,"unit":"mm Hg"}','2020-03-01 00:36:09'),(1461,'height',43,30,'{"value":119,"unit":"cm"}','2020-02-22 05:43:58'),(1462,'other',47,30,'{"value":66,"unit":"%","description":"Juist antwoorden bij laatste pubquiz"}','2019-12-30 13:47:47'),(1463,'text',46,16,'{"text":"Mw kreeg op tijd haar medicatie aangeboden"}','2020-03-31 15:25:58'),(1464,'blood_pressure',43,20,'{"systolic":106,"diastolic":130,"unit":"mm Hg"}','2020-04-01 07:34:31'),(1465,'other',43,9,'{"value":28,"unit":"%","description":"Juist antwoorden bij laatste pubquiz"}','2020-02-04 03:25:57'),(1466,'text',49,29,'{"text":"mw heeft ook goed gegeten van ontbijt en lunch."}','2020-03-05 09:43:25'),(1467,'weight',51,17,'{"value":41,"unit":"kg"}','2020-04-07 19:13:34'),(1468,'weight',45,6,'{"value":34,"unit":"kg"}','2020-01-26 14:10:15'),(1469,'weight',51,3,'{"value":134,"unit":"kg"}','2020-01-28 01:36:13'),(1470,'other',43,29,'{"value":false,"unit":null,"description":"Besmet met het Covid-19 virus"}','2020-01-23 18:29:33'),(1471,'height',44,19,'{"value":93,"unit":"cm"}','2020-02-12 15:50:35'),(1472,'blood_pressure',43,30,'{"systolic":81,"diastolic":128,"unit":"mm Hg"}','2020-04-04 07:40:21'),(1473,'text',48,14,'{"text":"Mw kreeg bezoek van haar dochter."}','2020-03-07 02:20:57'),(1474,'text',48,14,'{"text":"Mw was erg vriendelijk vanavond\n heeft goed gegeten en gedronken\n Mw goed naar bed kunnen helpen."}','2020-01-22 00:24:40'),(1475,'blood_pressure',47,27,'{"systolic":111,"diastolic":134,"unit":"mm Hg"}','2020-02-23 22:27:45'),(1476,'blood_pressure',44,30,'{"systolic":107,"diastolic":165,"unit":"mm Hg"}','2020-03-08 22:54:52'),(1477,'height',52,24,'{"value":132,"unit":"cm"}','2020-01-06 23:24:39'),(1478,'text',47,5,'{"text":"medicatie is voor vanmiddag en vanavond aan dochter meegegeven."}','2020-04-02 04:01:52'),(1479,'height',51,22,'{"value":178,"unit":"cm"}','2020-04-01 07:45:12'),(1480,'blood_pressure',47,19,'{"systolic":107,"diastolic":162,"unit":"mm Hg"}','2020-02-22 21:03:13'),(1481,'other',47,5,'{"value":20,"unit":"%","description":"Juist antwoorden bij laatste pubquiz"}','2020-04-03 16:43:41'),(1482,'text',52,15,'{"text":"Medicatie voor vroege en late avond klaargezet"}','2020-02-13 05:30:47'),(1483,'text',47,4,'{"text":"Mw. niet over buikklachten gehoord."}','2020-02-23 21:44:05'),(1484,'other',48,27,'{"value":70,"unit":"%","description":"Juist antwoorden bij laatste pubquiz"}','2020-03-10 19:48:01'),(1485,'height',49,26,'{"value":93,"unit":"cm"}','2020-02-10 17:28:08'),(1486,'blood_pressure',51,9,'{"systolic":115,"diastolic":140,"unit":"mm Hg"}','2020-03-25 13:08:54'),(1487,'text',43,9,'{"text":"Bloedverdunners van 18:00 uur klaargezet\n mw.heeft meegekeken"}','2020-01-08 02:05:24'),(1488,'text',47,15,'{"text":"aangegeven bij mw. dat ze mag bellen mocht het nodig zijn."}','2020-03-08 14:11:22'),(1489,'height',45,5,'{"value":97,"unit":"cm"}','2020-03-10 21:20:36'),(1490,'weight',48,30,'{"value":43,"unit":"kg"}','2020-03-06 08:53:14'),(1491,'weight',48,22,'{"value":139,"unit":"kg"}','2020-02-04 13:54:00'),(1492,'weight',46,29,'{"value":86,"unit":"kg"}','2020-01-14 13:28:16'),(1493,'text',50,3,'{"text":"Medicijnen voor 18 en 22uur klaar gezet."}','2020-01-24 14:07:57'),(1494,'text',45,29,'{"text":"Mw.begeleid met wassen aan de wastafel."}','2020-03-24 18:55:15'),(1495,'weight',46,18,'{"value":106,"unit":"kg"}','2020-02-12 07:33:51'),(1496,'blood_pressure',52,24,'{"systolic":90,"diastolic":148,"unit":"mm Hg"}','2020-01-31 13:02:23'),(1497,'blood_pressure',43,20,'{"systolic":120,"diastolic":144,"unit":"mm Hg"}','2020-03-16 05:35:01'),(1498,'weight',43,20,'{"value":77,"unit":"kg"}','2020-01-29 22:32:31'),(1499,'height',46,6,'{"value":156,"unit":"cm"}','2020-03-11 03:48:45'),(1500,'height',43,5,'{"value":180,"unit":"cm"}','2020-02-15 20:04:32'),(1501,'text',48,6,'{"text":"Steunkousen zijn uitgetrokken en benen ingesmeerd met bodylotion"}','2020-03-20 20:12:27'),(1502,'height',51,7,'{"value":79,"unit":"cm"}','2020-04-01 23:19:57'),(1503,'other',45,10,'{"value":54,"unit":"%","description":"Juist antwoorden bij laatste pubquiz"}','2020-02-21 17:26:04'),(1504,'text',45,19,'{"text":"Dochter geeft aan met haar moeder gesproken te hebben en dat er wbt eten altijd in ieder geval veel fruit is waar mw. voldoende van eet. Aangegeven dat we door gaan zoals afgesproken en mw. blijven stimuleren om ontbijt en lunch op de woongroep te nuttigen."}','2020-03-31 08:50:57'),(1505,'weight',51,21,'{"value":49,"unit":"kg"}','2020-03-30 17:39:26'),(1506,'other',51,1,'{"value":64,"unit":"%","description":"Juist antwoorden bij laatste pubquiz"}','2020-03-05 12:22:41'),(1507,'text',48,27,'{"text":"Geen oedeem\n st.kousen aangedaan"}','2020-01-31 16:06:14'),(1508,'text',47,2,'{"text":"Mw ondersteund bij wasen en aankleden."}','2020-02-16 11:17:32'),(1509,'other',44,19,'{"value":83,"unit":"%","description":"Juist antwoorden bij laatste pubquiz"}','2020-03-03 03:17:09'),(1510,'text',51,5,'{"text":"Na het douchen de gehele badkamer eens goed schoongemaakt."}','2020-02-02 05:18:07'),(1511,'height',44,30,'{"value":193,"unit":"cm"}','2020-01-24 10:35:26'),(1512,'other',49,11,'{"value":76,"unit":"%","description":"Juist antwoorden bij laatste pubquiz"}','2020-01-26 00:14:13'),(1513,'other',49,29,'{"value":35,"unit":"%","description":"Juist antwoorden bij laatste pubquiz"}','2020-03-26 01:09:59'),(1514,'height',44,8,'{"value":179,"unit":"cm"}','2019-12-31 16:53:08'),(1515,'other',43,25,'{"value":null,"unit":null,"description":"Besmet met het Covid-19 virus"}','2020-02-02 08:39:04'),(1516,'height',46,20,'{"value":116,"unit":"cm"}','2020-01-10 11:26:06'),(1517,'text',46,17,'{"text":"Steunkousen met hulpmiddel aangetrokken\n en schoenen met schoenlepel."}','2020-01-17 11:52:07'),(1518,'weight',51,9,'{"value":104,"unit":"kg"}','2020-03-05 16:46:44'),(1519,'other',48,14,'{"value":false,"unit":null,"description":"Besmet met het Covid-19 virus"}','2020-01-05 01:39:25'),(1520,'blood_pressure',45,19,'{"systolic":101,"diastolic":135,"unit":"mm Hg"}','2019-12-29 23:02:28'),(1521,'text',47,12,'{"text":"Mw is vanmiddag meegegaan met haar dochter\nmedicatie 18.00 en 21.00 zijn meegegeven."}','2020-03-15 07:02:01'),(1522,'blood_pressure',51,7,'{"systolic":118,"diastolic":139,"unit":"mm Hg"}','2020-01-13 10:14:10'),(1523,'weight',46,6,'{"value":108,"unit":"kg"}','2020-03-06 01:30:49'),(1524,'text',45,26,'{"text":"Steunkousen met aantrekhulp aangedaan."}','2020-03-26 13:34:44'),(1525,'height',45,10,'{"value":169,"unit":"cm"}','2020-03-22 17:03:55'),(1526,'height',52,3,'{"value":125,"unit":"cm"}','2020-02-18 18:55:59'),(1527,'other',51,9,'{"value":76,"unit":"%","description":"Juist antwoorden bij laatste pubquiz"}','2020-02-05 08:07:43'),(1528,'weight',49,7,'{"value":113,"unit":"kg"}','2020-03-13 20:34:00'),(1529,'blood_pressure',52,24,'{"systolic":111,"diastolic":146,"unit":"mm Hg"}','2020-03-06 13:09:15'),(1530,'weight',52,3,'{"value":91,"unit":"kg"}','2020-03-13 06:32:41'),(1531,'text',48,16,'{"text":"Medicijnen voor 18 en 22uur klaar gezet."}','2020-03-14 21:22:04'),(1532,'weight',48,6,'{"value":47,"unit":"kg"}','2020-01-13 18:24:03'),(1533,'blood_pressure',49,26,'{"systolic":99,"diastolic":141,"unit":"mm Hg"}','2020-03-15 16:00:40'),(1534,'blood_pressure',49,7,'{"systolic":107,"diastolic":158,"unit":"mm Hg"}','2020-02-07 21:46:06'),(1535,'blood_pressure',45,22,'{"systolic":110,"diastolic":131,"unit":"mm Hg"}','2020-04-06 21:36:49'),(1536,'height',47,27,'{"value":110,"unit":"cm"}','2020-01-29 02:59:15'),(1537,'height',44,1,'{"value":123,"unit":"cm"}','2020-01-14 20:04:38'),(1538,'height',45,19,'{"value":104,"unit":"cm"}','2020-04-01 12:07:27'),(1539,'other',49,27,'{"value":37,"unit":"%","description":"Juist antwoorden bij laatste pubquiz"}','2020-02-14 09:59:12'),(1540,'height',52,12,'{"value":126,"unit":"cm"}','2020-01-19 07:24:52'),(1541,'blood_pressure',52,26,'{"systolic":108,"diastolic":147,"unit":"mm Hg"}','2019-12-30 19:53:30'),(1542,'text',44,4,'{"text":"Mw.omgekleed voor de nacht. Rug gesmeerd en benen"}','2020-02-02 07:56:20'),(1543,'height',51,17,'{"value":187,"unit":"cm"}','2020-01-12 09:06:56'),(1544,'other',45,5,'{"value":true,"unit":null,"description":"Besmet met het Covid-19 virus"}','2020-02-09 04:15:26'),(1545,'other',47,27,'{"value":21,"unit":"%","description":"Juist antwoorden bij laatste pubquiz"}','2020-01-09 11:52:42'),(1546,'height',45,9,'{"value":84,"unit":"cm"}','2020-01-02 06:35:59'),(1547,'height',44,4,'{"value":194,"unit":"cm"}','2020-02-22 02:42:44'),(1548,'weight',46,1,'{"value":16,"unit":"kg"}','2020-01-17 03:53:13'),(1549,'other',44,18,'{"value":null,"unit":null,"description":"Besmet met het Covid-19 virus"}','2020-01-26 16:12:06'),(1550,'other',43,30,'{"value":26,"unit":"%","description":"Juist antwoorden bij laatste pubquiz"}','2020-03-11 20:21:53'),(1551,'height',43,5,'{"value":108,"unit":"cm"}','2020-03-06 02:31:50'),(1552,'weight',52,24,'{"value":32,"unit":"kg"}','2020-01-23 21:06:30'),(1553,'text',43,9,'{"text":"Mw. werd in de ochtend opgehaald door haar dochter\nheeft medicijnen van 12.00u meegekregen."}','2020-02-02 16:16:25'),(1554,'blood_pressure',45,10,'{"systolic":118,"diastolic":175,"unit":"mm Hg"}','2020-03-17 11:48:10'),(1555,'text',45,26,'{"text":"Bij mw. langs geweest en medicijnen aangeboden."}','2020-03-21 16:06:19'),(1556,'other',44,8,'{"value":6,"unit":"%","description":"Juist antwoorden bij laatste pubquiz"}','2020-01-21 07:29:51'),(1557,'other',46,25,'{"value":50,"unit":"%","description":"Juist antwoorden bij laatste pubquiz"}','2020-03-31 11:53:45'),(1558,'weight',50,23,'{"value":124,"unit":"kg"}','2020-03-21 18:10:41'),(1559,'weight',51,21,'{"value":114,"unit":"kg"}','2020-01-13 04:10:56'),(1560,'blood_pressure',44,26,'{"systolic":100,"diastolic":133,"unit":"mm Hg"}','2020-01-01 00:19:37'),(1561,'text',50,3,'{"text":"Bij het brengen van het ontbijt mevrouw zittend op de rand van het bed aangetroffen."}','2020-04-05 05:43:26'),(1562,'other',44,26,'{"value":50,"unit":"%","description":"Juist antwoorden bij laatste pubquiz"}','2020-01-18 18:41:53'),(1563,'text',47,19,'{"text":"Mw kreeg haar zorg bij het naar bed gaan."}','2020-03-10 00:24:05'),(1564,'weight',51,10,'{"value":135,"unit":"kg"}','2020-01-06 14:59:03'),(1565,'other',48,27,'{"value":false,"unit":null,"description":"Besmet met het Covid-19 virus"}','2020-03-21 19:52:48'),(1566,'text',48,22,'{"text":"Mw.haar steunkousen aangetrokken met hulpmiddel en haar schoenen met schoenlepel."}','2020-03-17 08:27:33'),(1567,'text',48,27,'{"text":"Mw.omgekleed voor de nacht. Rug gesmeerd en benen"}','2020-04-06 17:09:06'),(1568,'blood_pressure',48,14,'{"systolic":92,"diastolic":137,"unit":"mm Hg"}','2020-01-01 01:41:48'),(1569,'text',52,12,'{"text":"Mw is vanmiddag meegegaan met haar dochter\nmedicatie 18.00 en 21.00 zijn meegegeven."}','2020-01-17 17:15:21'),(1570,'text',43,10,'{"text":"Kousen uit benen gesmeerd"}','2020-01-20 03:57:27'),(1571,'blood_pressure',45,23,'{"systolic":106,"diastolic":155,"unit":"mm Hg"}','2020-01-12 08:37:05'),(1572,'other',45,6,'{"value":45,"unit":"%","description":"Juist antwoorden bij laatste pubquiz"}','2020-02-02 17:08:31'),(1573,'other',43,24,'{"value":8,"unit":"%","description":"Juist antwoorden bij laatste pubquiz"}','2020-03-09 06:02:06'),(1574,'other',44,4,'{"value":true,"unit":null,"description":"Besmet met het Covid-19 virus"}','2020-04-07 20:38:24'),(1575,'text',48,16,'{"text":"Ondersteunt bij wassen en aankleden"}','2020-03-01 10:25:28'),(1576,'text',48,8,'{"text":"Mw. eet vanavond niet mee\n is met dochter weg."}','2020-02-09 19:44:26'),(1577,'blood_pressure',45,22,'{"systolic":118,"diastolic":144,"unit":"mm Hg"}','2019-12-31 23:42:16'),(1578,'weight',46,20,'{"value":55,"unit":"kg"}','2020-03-28 20:17:58'),(1579,'height',43,30,'{"value":159,"unit":"cm"}','2020-03-22 00:48:41'),(1580,'weight',47,5,'{"value":130,"unit":"kg"}','2020-03-19 07:06:06'),(1581,'weight',49,29,'{"value":79,"unit":"kg"}','2020-02-05 20:05:16'),(1582,'weight',49,25,'{"value":43,"unit":"kg"}','2020-03-06 06:31:33'),(1583,'height',52,22,'{"value":103,"unit":"cm"}','2020-01-12 17:39:25'),(1584,'other',44,8,'{"value":85,"unit":"%","description":"Juist antwoorden bij laatste pubquiz"}','2020-01-21 19:55:27'),(1585,'text',51,12,'{"text":"mw was goed gestemd vandaag\n gevraagd of ze naar de huiskamer wil komen\n maar daar had mw. geen zin in\n vindt dat het daar altijd zo druk is. Regelmatig drinken bij mw. gebracht."}','2020-02-12 08:57:09'),(1586,'blood_pressure',47,12,'{"systolic":88,"diastolic":117,"unit":"mm Hg"}','2019-12-30 09:23:03'),(1587,'weight',45,22,'{"value":17,"unit":"kg"}','2020-02-21 07:52:37'),(1588,'other',51,7,'{"value":true,"unit":null,"description":"Besmet met het Covid-19 virus"}','2020-01-28 21:22:34'),(1589,'weight',44,8,'{"value":139,"unit":"kg"}','2020-04-03 05:49:30'),(1590,'text',43,25,'{"text":"mw eet vanaf vandaag weer de lunch en het avondeten op de locatie."}','2020-01-28 16:13:33'),(1591,'other',48,20,'{"value":58,"unit":"%","description":"Juist antwoorden bij laatste pubquiz"}','2020-03-16 17:18:29'),(1592,'weight',47,27,'{"value":121,"unit":"kg"}','2020-03-09 00:02:48'),(1593,'weight',51,12,'{"value":60,"unit":"kg"}','2020-01-02 04:17:13'),(1594,'weight',43,10,'{"value":131,"unit":"kg"}','2020-02-14 22:59:25'),(1595,'other',46,18,'{"value":73,"unit":"%","description":"Juist antwoorden bij laatste pubquiz"}','2020-02-20 00:18:35'),(1596,'other',48,20,'{"value":43,"unit":"%","description":"Juist antwoorden bij laatste pubquiz"}','2020-01-01 03:56:56'),(1597,'other',51,22,'{"value":53,"unit":"%","description":"Juist antwoorden bij laatste pubquiz"}','2020-04-02 00:54:46'),(1598,'text',51,10,'{"text":"Mw. Haar kousen uitgedaan benen ingesmeerd me. Geholpen met omkleden rug ingesmeerd"}','2020-04-04 14:47:40'),(1599,'weight',47,30,'{"value":54,"unit":"kg"}','2020-01-14 21:51:18'),(1600,'other',43,24,'{"value":true,"unit":null,"description":"Besmet met het Covid-19 virus"}','2020-02-15 18:06:09'),(1601,'text',47,15,'{"text":"Bloedverdunners van 18:00 uur klaargezet\n mw.heeft meegekeken"}','2020-02-27 01:03:20'),(1602,'height',45,26,'{"value":161,"unit":"cm"}','2020-03-20 08:54:36'),(1603,'text',52,12,'{"text":"Vanmorgen rond 10 uur mw aan getroffen\nmw gaf geen pljn aan nwm geholpen en weer in de stoel gezet."}','2020-03-10 15:16:38'),(1604,'height',50,6,'{"value":79,"unit":"cm"}','2020-01-18 23:35:22'),(1605,'text',47,4,'{"text":"vanavond een praatje met mw gemaakt\n gesproken over het feit dat mw niet meer naar de woongroep wil."}','2020-01-22 00:55:24'),(1606,'text',51,13,'{"text":"Mw heeft vanavond goed gegeten en gedronken\n mw was blij dat er weer suiker en melk was. ook vond mw de rozen er mooi die ook zij heeft gehad van haar kinderen."}','2019-12-29 17:17:33'),(1607,'height',52,22,'{"value":77,"unit":"cm"}','2020-03-22 17:30:50'),(1608,'height',47,2,'{"value":172,"unit":"cm"}','2020-03-16 11:03:08'),(1609,'text',51,23,'{"text":"Mw. heeft weinig gegeten en gedronken\n koffie heeft mw. wel op."}','2020-03-10 11:27:10'),(1610,'blood_pressure',52,22,'{"systolic":101,"diastolic":155,"unit":"mm Hg"}','2020-01-01 02:52:50'),(1611,'weight',48,20,'{"value":100,"unit":"kg"}','2020-03-07 18:59:14'),(1612,'height',44,30,'{"value":70,"unit":"cm"}','2020-03-02 08:22:53'),(1613,'weight',48,6,'{"value":101,"unit":"kg"}','2020-04-06 14:33:19'),(1614,'height',51,21,'{"value":165,"unit":"cm"}','2020-02-25 09:24:05'),(1615,'text',51,5,'{"text":"Mw kreeg op tijd haar medicatie aangeboden"}','2020-03-25 03:17:14'),(1616,'height',43,24,'{"value":164,"unit":"cm"}','2020-01-18 01:44:14'),(1617,'other',51,7,'{"value":true,"unit":null,"description":"Besmet met het Covid-19 virus"}','2020-01-15 06:51:27'),(1618,'weight',46,1,'{"value":16,"unit":"kg"}','2020-01-17 07:46:25'),(1619,'blood_pressure',51,23,'{"systolic":84,"diastolic":107,"unit":"mm Hg"}','2019-12-30 05:54:10'),(1620,'blood_pressure',46,18,'{"systolic":94,"diastolic":132,"unit":"mm Hg"}','2020-01-13 16:45:58'),(1621,'text',43,24,'{"text":"mw heeft ook goed gegeten van ontbijt en lunch."}','2020-03-28 09:13:44'),(1622,'blood_pressure',52,8,'{"systolic":113,"diastolic":151,"unit":"mm Hg"}','2020-02-08 06:23:39'),(1623,'blood_pressure',45,29,'{"systolic":84,"diastolic":120,"unit":"mm Hg"}','2020-02-23 11:44:11'),(1624,'height',49,7,'{"value":72,"unit":"cm"}','2020-01-14 17:44:53'),(1625,'weight',51,22,'{"value":98,"unit":"kg"}','2020-03-15 00:52:47'),(1626,'other',48,20,'{"value":false,"unit":null,"description":"Besmet met het Covid-19 virus"}','2020-03-01 16:23:26'),(1627,'height',47,2,'{"value":189,"unit":"cm"}','2019-12-29 11:58:04'),(1628,'blood_pressure',45,26,'{"systolic":98,"diastolic":136,"unit":"mm Hg"}','2020-04-02 15:24:14'),(1629,'weight',43,25,'{"value":57,"unit":"kg"}','2020-01-17 06:05:15'),(1630,'height',45,9,'{"value":128,"unit":"cm"}','2020-03-01 12:35:26'),(1631,'other',48,5,'{"value":79,"unit":"%","description":"Juist antwoorden bij laatste pubquiz"}','2020-01-23 19:34:02'),(1632,'text',44,1,'{"text":"Mw kreeg haar steunkousen uitgetrokken en benen zijn ingesmeerd met bodylotion. Mw geholpen met uitkleden en rug ingesmeerd met lanette crome"}','2020-02-15 13:29:41'),(1633,'blood_pressure',49,29,'{"systolic":119,"diastolic":169,"unit":"mm Hg"}','2020-01-31 08:49:12'),(1634,'height',52,8,'{"value":119,"unit":"cm"}','2020-04-07 03:42:32'),(1635,'weight',44,18,'{"value":40,"unit":"kg"}','2020-02-04 11:42:57'),(1636,'height',44,18,'{"value":71,"unit":"cm"}','2020-01-03 00:31:07'),(1637,'weight',49,10,'{"value":26,"unit":"kg"}','2020-02-07 03:57:00'),(1638,'other',52,3,'{"value":75,"unit":"%","description":"Juist antwoorden bij laatste pubquiz"}','2020-01-29 15:48:24'),(1639,'text',52,12,'{"text":"Mw. kreeg haar medicijnen aangeboden."}','2020-02-10 03:15:47'),(1640,'other',45,22,'{"value":false,"unit":null,"description":"Besmet met het Covid-19 virus"}','2020-01-18 03:03:57'),(1641,'weight',43,25,'{"value":115,"unit":"kg"}','2020-01-25 06:41:00'),(1642,'blood_pressure',48,8,'{"systolic":91,"diastolic":118,"unit":"mm Hg"}','2020-01-25 10:31:12'),(1643,'text',43,25,'{"text":"mw wilde niet in de huiskamer eten. At wel goed van de avondmaaltijd."}','2020-01-31 11:43:45'),(1644,'text',51,3,'{"text":"Mw. niet over buikklachten gehoord."}','2020-01-19 19:04:40'),(1645,'other',51,13,'{"value":true,"unit":null,"description":"Besmet met het Covid-19 virus"}','2020-01-22 02:53:00'),(1646,'height',48,14,'{"value":187,"unit":"cm"}','2020-01-19 19:32:57'),(1647,'text',52,26,'{"text":"mw was goed gestemd vandaag\n gevraagd of ze naar de huiskamer wil komen\n maar daar had mw. geen zin in\n vindt dat het daar altijd zo druk is. Regelmatig drinken bij mw. gebracht."}','2020-02-25 01:50:39'),(1648,'text',49,24,'{"text":"mw was vandaag goed gestemd. boodschappen zijn voor mw gebracht."}','2020-03-02 07:04:23'),(1649,'blood_pressure',44,13,'{"systolic":116,"diastolic":156,"unit":"mm Hg"}','2020-02-02 21:36:50'),(1650,'other',49,22,'{"value":null,"unit":null,"description":"Besmet met het Covid-19 virus"}','2020-01-02 18:26:06'),(1651,'other',51,23,'{"value":false,"unit":null,"description":"Besmet met het Covid-19 virus"}','2020-02-08 23:30:18'),(1652,'weight',48,5,'{"value":131,"unit":"kg"}','2020-03-18 08:40:11'),(1653,'weight',50,23,'{"value":94,"unit":"kg"}','2020-02-01 02:40:55'),(1654,'other',49,11,'{"value":false,"unit":null,"description":"Besmet met het Covid-19 virus"}','2020-02-18 17:07:42'),(1655,'other',51,21,'{"value":31,"unit":"%","description":"Juist antwoorden bij laatste pubquiz"}','2020-04-03 13:52:44'),(1656,'other',48,8,'{"value":true,"unit":null,"description":"Besmet met het Covid-19 virus"}','2020-02-17 07:30:12'),(1657,'weight',51,7,'{"value":101,"unit":"kg"}','2020-03-03 19:13:33'),(1658,'other',49,22,'{"value":false,"unit":null,"description":"Besmet met het Covid-19 virus"}','2020-01-20 20:41:26'),(1659,'blood_pressure',44,19,'{"systolic":116,"diastolic":173,"unit":"mm Hg"}','2020-01-13 11:40:48'),(1660,'other',50,3,'{"value":true,"unit":null,"description":"Besmet met het Covid-19 virus"}','2020-03-07 11:13:17'),(1661,'other',51,23,'{"value":false,"unit":null,"description":"Besmet met het Covid-19 virus"}','2020-01-19 14:22:05'),(1662,'height',47,4,'{"value":77,"unit":"cm"}','2020-02-28 05:29:25'),(1663,'blood_pressure',52,26,'{"systolic":88,"diastolic":115,"unit":"mm Hg"}','2020-02-01 20:29:24'),(1664,'other',51,12,'{"value":39,"unit":"%","description":"Juist antwoorden bij laatste pubquiz"}','2020-03-21 04:48:56'),(1665,'other',47,19,'{"value":true,"unit":null,"description":"Besmet met het Covid-19 virus"}','2020-03-13 09:17:17'),(1666,'height',45,26,'{"value":140,"unit":"cm"}','2019-12-30 11:40:01'),(1667,'text',45,26,'{"text":"Mw gewassen aan de wastafel en gekleed."}','2020-01-08 01:41:29'),(1668,'height',48,8,'{"value":148,"unit":"cm"}','2020-02-25 09:15:43'),(1669,'text',49,27,'{"text":"Mevr is door zoon opgehaald\nzou niet mee eten met de lunch en avondmaaltijd. Zoon zou aangeven als mevr weer terug zou zijn. medicatie van 12:00\n17:00 en 21:00 is meegegeven."}','2020-02-28 10:08:41'),(1670,'text',44,8,'{"text":"Mw. is vanavond met fam mee uit eten geweest\n had het naar haar zin gehad."}','2020-03-23 22:43:44'),(1671,'weight',49,28,'{"value":140,"unit":"kg"}','2020-03-31 07:49:49'),(1672,'height',48,22,'{"value":80,"unit":"cm"}','2020-02-28 07:28:30'),(1673,'text',46,17,'{"text":"mw was vandaag goed gestemd. boodschappen zijn voor mw gebracht."}','2020-02-19 09:23:48'),(1674,'blood_pressure',43,20,'{"systolic":92,"diastolic":129,"unit":"mm Hg"}','2020-03-02 14:01:40'),(1675,'blood_pressure',43,4,'{"systolic":119,"diastolic":166,"unit":"mm Hg"}','2020-01-14 04:57:32'),(1676,'blood_pressure',48,27,'{"systolic":83,"diastolic":120,"unit":"mm Hg"}','2020-02-06 16:30:07'),(1677,'text',45,9,'{"text":"Mw aan de wastafel gehol oppen met wassen en smeren."}','2020-02-16 14:27:55'),(1678,'height',47,15,'{"value":143,"unit":"cm"}','2020-02-24 11:18:07'),(1679,'text',51,13,'{"text":"Mw.omgekleed voor de nacht. Rug gesmeerd en benen"}','2020-04-06 04:43:41'),(1680,'height',45,22,'{"value":111,"unit":"cm"}','2020-03-05 02:32:16'),(1681,'text',49,28,'{"text":"Behandelaar is nu Fysiotherapeut a.s maandag 1e afspraak\n hij bepaalt verder wat nodig is"}','2020-03-01 13:12:53'),(1682,'text',51,5,'{"text":"2 stuks en afgetekend startlijst en genoteerd baxterlijst."}','2020-03-22 03:37:56'),(1683,'height',49,28,'{"value":135,"unit":"cm"}','2020-01-30 05:44:47'),(1684,'height',44,1,'{"value":103,"unit":"cm"}','2020-01-31 19:14:11'),(1685,'other',45,29,'{"value":74,"unit":"%","description":"Juist antwoorden bij laatste pubquiz"}','2020-02-01 13:04:43'),(1686,'text',51,13,'{"text":"Mw heeft haar medicijnen ingenomen"}','2020-03-18 04:28:02'),(1687,'blood_pressure',50,3,'{"systolic":109,"diastolic":144,"unit":"mm Hg"}','2020-02-06 11:29:22'),(1688,'other',52,3,'{"value":true,"unit":null,"description":"Besmet met het Covid-19 virus"}','2020-01-13 08:30:39'),(1689,'other',51,7,'{"value":18,"unit":"%","description":"Juist antwoorden bij laatste pubquiz"}','2020-03-18 00:35:15'),(1690,'weight',43,25,'{"value":113,"unit":"kg"}','2020-02-16 23:20:29'),(1691,'text',51,7,'{"text":"Mw haar zorg gegeven\n mw heeft vanmorgen goed gegeten en gedronken."}','2020-01-13 12:12:11'),(1692,'blood_pressure',47,25,'{"systolic":112,"diastolic":171,"unit":"mm Hg"}','2020-01-11 07:45:32'),(1693,'height',49,10,'{"value":184,"unit":"cm"}','2020-02-06 10:10:27'),(1694,'height',43,4,'{"value":144,"unit":"cm"}','2020-02-12 16:14:16'),(1695,'height',51,19,'{"value":160,"unit":"cm"}','2020-01-28 23:21:11'),(1696,'height',46,1,'{"value":141,"unit":"cm"}','2020-03-12 02:46:56'),(1697,'blood_pressure',50,23,'{"systolic":108,"diastolic":130,"unit":"mm Hg"}','2020-03-01 18:59:34'),(1698,'height',48,27,'{"value":194,"unit":"cm"}','2020-02-29 17:47:42'),(1699,'weight',52,22,'{"value":96,"unit":"kg"}','2020-01-14 13:55:43'),(1700,'text',45,23,'{"text":"Medicijnen voor 18 en 22uur klaar gezet."}','2020-03-23 09:55:03'),(1701,'blood_pressure',46,18,'{"systolic":119,"diastolic":166,"unit":"mm Hg"}','2020-02-21 02:00:19'),(1702,'blood_pressure',51,13,'{"systolic":111,"diastolic":137,"unit":"mm Hg"}','2019-12-30 06:43:51'),(1703,'height',43,29,'{"value":176,"unit":"cm"}','2020-01-09 01:21:40'),(1704,'weight',47,15,'{"value":46,"unit":"kg"}','2020-02-10 02:59:24'),(1705,'blood_pressure',46,16,'{"systolic":111,"diastolic":157,"unit":"mm Hg"}','2020-03-02 14:56:41'),(1706,'height',48,20,'{"value":166,"unit":"cm"}','2019-12-30 16:38:39'),(1707,'text',43,30,'{"text":"Behandelaar is nu Fysiotherapeut a.s maandag 1e afspraak\n hij bepaalt verder wat nodig is"}','2020-03-28 09:46:25'),(1708,'blood_pressure',51,9,'{"systolic":104,"diastolic":136,"unit":"mm Hg"}','2019-12-31 12:16:13'),(1709,'other',48,27,'{"value":25,"unit":"%","description":"Juist antwoorden bij laatste pubquiz"}','2020-03-08 22:47:44'),(1710,'height',49,24,'{"value":130,"unit":"cm"}','2020-03-28 04:10:50'),(1711,'height',48,8,'{"value":74,"unit":"cm"}','2020-04-01 20:55:35'),(1712,'weight',49,7,'{"value":120,"unit":"kg"}','2020-03-08 19:01:12'),(1713,'other',48,6,'{"value":false,"unit":null,"description":"Besmet met het Covid-19 virus"}','2020-01-07 07:39:51'),(1714,'height',48,30,'{"value":96,"unit":"cm"}','2020-02-03 04:58:20'),(1715,'weight',46,29,'{"value":138,"unit":"kg"}','2020-03-14 11:51:15'),(1716,'blood_pressure',46,1,'{"systolic":104,"diastolic":152,"unit":"mm Hg"}','2020-03-10 10:26:28'),(1717,'blood_pressure',45,9,'{"systolic":85,"diastolic":136,"unit":"mm Hg"}','2020-02-07 00:59:13'),(1718,'other',51,17,'{"value":20,"unit":"%","description":"Juist antwoorden bij laatste pubquiz"}','2020-01-14 07:26:23'),(1719,'text',46,4,'{"text":"Mevr had zichzelf van boven al gewassen en aangekleed"}','2020-02-07 00:00:06'),(1720,'other',46,1,'{"value":93,"unit":"%","description":"Juist antwoorden bij laatste pubquiz"}','2020-02-05 03:54:11'),(1721,'other',49,11,'{"value":36,"unit":"%","description":"Juist antwoorden bij laatste pubquiz"}','2020-01-23 14:06:00'),(1722,'text',49,27,'{"text":"mw was aan het roepen vannacht. mw was uit bed gerold. mw heeft geen zichtbaar letsel. mic is igevuld."}','2020-01-26 19:32:50'),(1723,'blood_pressure',48,14,'{"systolic":111,"diastolic":159,"unit":"mm Hg"}','2020-02-04 16:14:00'),(1724,'weight',52,16,'{"value":53,"unit":"kg"}','2020-03-28 10:31:29'),(1725,'blood_pressure',44,4,'{"systolic":80,"diastolic":122,"unit":"mm Hg"}','2020-01-19 01:27:38'),(1726,'weight',43,10,'{"value":86,"unit":"kg"}','2020-01-08 09:21:31'),(1727,'blood_pressure',52,16,'{"systolic":107,"diastolic":150,"unit":"mm Hg"}','2020-01-07 03:00:10'),(1728,'text',44,4,'{"text":"Dochter kwam vertellen dat haar moeder weer thuis op haar kamer is."}','2020-01-30 04:51:35'),(1729,'weight',46,29,'{"value":68,"unit":"kg"}','2020-03-10 09:44:02'),(1730,'height',51,1,'{"value":157,"unit":"cm"}','2020-04-04 12:18:04'),(1731,'blood_pressure',48,27,'{"systolic":108,"diastolic":129,"unit":"mm Hg"}','2020-03-30 20:46:09'),(1732,'other',45,16,'{"value":16,"unit":"%","description":"Juist antwoorden bij laatste pubquiz"}','2020-01-26 17:12:50'),(1733,'other',43,20,'{"value":null,"unit":null,"description":"Besmet met het Covid-19 virus"}','2020-02-08 09:17:32'),(1734,'other',51,5,'{"value":67,"unit":"%","description":"Juist antwoorden bij laatste pubquiz"}','2020-01-01 18:15:57'),(1735,'height',44,1,'{"value":175,"unit":"cm"}','2020-03-24 09:18:42'),(1736,'weight',48,8,'{"value":20,"unit":"kg"}','2020-01-09 02:41:15'),(1737,'text',51,13,'{"text":"Mw kreeg vanmorgen haar medicatie aangereikt en ingenomen."}','2020-03-24 07:53:59'),(1738,'blood_pressure',46,1,'{"systolic":100,"diastolic":120,"unit":"mm Hg"}','2020-01-24 15:48:53'),(1739,'height',48,16,'{"value":73,"unit":"cm"}','2020-02-07 11:06:17'),(1740,'height',47,19,'{"value":124,"unit":"cm"}','2020-01-30 08:56:14'),(1741,'other',43,10,'{"value":39,"unit":"%","description":"Juist antwoorden bij laatste pubquiz"}','2020-01-03 03:24:42'),(1742,'blood_pressure',43,25,'{"systolic":97,"diastolic":129,"unit":"mm Hg"}','2020-03-06 02:44:09'),(1743,'height',43,9,'{"value":179,"unit":"cm"}','2020-03-22 13:41:36'),(1744,'blood_pressure',48,14,'{"systolic":110,"diastolic":146,"unit":"mm Hg"}','2020-01-01 03:40:17'),(1745,'weight',44,10,'{"value":81,"unit":"kg"}','2020-02-12 15:23:54'),(1746,'text',46,18,'{"text":"dochter van mw belde om te zeggen dat mw naar de winkel is geweest maar niet meer terug wist te komen\n dochter heeft mw opgehaald. hierdoor heeft mw haar avondmedicatie later gekregen."}','2020-01-28 07:25:06'),(1747,'height',49,27,'{"value":130,"unit":"cm"}','2020-04-04 19:19:17'),(1748,'weight',51,12,'{"value":33,"unit":"kg"}','2020-02-11 14:17:33'),(1749,'other',45,26,'{"value":0,"unit":"%","description":"Juist antwoorden bij laatste pubquiz"}','2020-01-30 04:21:07'),(1750,'weight',49,24,'{"value":137,"unit":"kg"}','2020-02-17 23:52:25'),(1751,'text',49,27,'{"text":"Mw.belde\nalsnog med.klaargezet voor vanavond voor 18:00 uur en.22:00 uur.  Bloedverdunner 1."}','2020-03-03 08:13:23'),(1752,'weight',44,26,'{"value":99,"unit":"kg"}','2020-01-23 11:31:15'),(1753,'other',50,6,'{"value":79,"unit":"%","description":"Juist antwoorden bij laatste pubquiz"}','2020-01-24 03:32:20'),(1754,'height',46,29,'{"value":181,"unit":"cm"}','2020-01-10 07:56:20'),(1755,'blood_pressure',51,19,'{"systolic":107,"diastolic":154,"unit":"mm Hg"}','2020-03-19 03:26:54'),(1756,'other',43,9,'{"value":false,"unit":null,"description":"Besmet met het Covid-19 virus"}','2020-04-03 07:26:31'),(1757,'weight',51,19,'{"value":77,"unit":"kg"}','2020-03-27 17:31:32'),(1758,'height',47,19,'{"value":97,"unit":"cm"}','2020-02-04 07:55:15'),(1759,'other',43,24,'{"value":null,"unit":null,"description":"Besmet met het Covid-19 virus"}','2020-02-25 14:32:28'),(1760,'other',52,15,'{"value":false,"unit":null,"description":"Besmet met het Covid-19 virus"}','2020-03-02 20:02:45'),(1761,'weight',45,16,'{"value":106,"unit":"kg"}','2020-03-06 04:49:13'),(1762,'weight',44,4,'{"value":30,"unit":"kg"}','2020-02-20 10:36:14'),(1763,'height',51,22,'{"value":82,"unit":"cm"}','2020-01-25 01:52:53'),(1764,'other',45,6,'{"value":null,"unit":null,"description":"Besmet met het Covid-19 virus"}','2020-04-02 12:55:57'),(1765,'text',52,26,'{"text":"Mw.had zichzelf bovenkant gewassen. Voeten gewassen. Steunkousen aangetrokken met aantrekhulp\nschoenen aan."}','2020-04-07 20:44:43'),(1766,'text',43,24,'{"text":"Van ochtend medicijnen bij mw gebracht\nmw was net wakker zei dat ze het zal innemen. Ik heb van de activiteiten begeleider gekregen dat mw haar medicijnen niet had ingenomen en om 11 uur heeft ze deze ingenomen op verzoek van de activiteiten begeleider."}','2020-01-05 06:24:58'),(1767,'other',46,1,'{"value":null,"unit":null,"description":"Besmet met het Covid-19 virus"}','2019-12-31 02:22:25'),(1768,'text',46,1,'{"text":"Bij mevr. langs geweest. Ze vertelde inderdaad niet zo lekker te zijn. Bed is ook verschoond."}','2020-01-10 02:21:36'),(1769,'text',48,22,'{"text":"Mw. is op stap mw heeft haar medicijnen van 17 uur en 21 uur mee gekregen"}','2020-02-22 08:52:31'),(1770,'blood_pressure',44,8,'{"systolic":101,"diastolic":123,"unit":"mm Hg"}','2020-01-25 09:40:40'),(1771,'text',51,19,'{"text":"Rug ingesmeerd met voorgeschreven zalf."}','2020-01-06 23:28:38'),(1772,'height',43,20,'{"value":187,"unit":"cm"}','2020-02-03 07:39:36'),(1773,'blood_pressure',52,24,'{"systolic":92,"diastolic":120,"unit":"mm Hg"}','2020-01-17 16:22:41'),(1774,'other',48,5,'{"value":true,"unit":null,"description":"Besmet met het Covid-19 virus"}','2020-03-07 01:32:49'),(1775,'height',46,25,'{"value":189,"unit":"cm"}','2020-01-02 15:07:32'),(1776,'other',43,17,'{"value":true,"unit":null,"description":"Besmet met het Covid-19 virus"}','2020-01-05 20:39:40'),(1777,'text',49,10,'{"text":"Vanmorgen rond 10 uur mw aan getroffen\nmw gaf geen pljn aan nwm geholpen en weer in de stoel gezet."}','2020-01-17 15:40:51'),(1778,'height',52,8,'{"value":131,"unit":"cm"}','2020-03-14 23:59:03'),(1779,'text',51,7,'{"text":"Mevr is door zoon opgehaald\nzou niet mee eten met de lunch en avondmaaltijd. Zoon zou aangeven als mevr weer terug zou zijn. medicatie van 12:00\n17:00 en 21:00 is meegegeven."}','2020-01-19 05:01:50'),(1780,'blood_pressure',51,19,'{"systolic":112,"diastolic":148,"unit":"mm Hg"}','2020-01-02 15:09:18'),(1781,'height',45,19,'{"value":172,"unit":"cm"}','2020-04-01 19:42:43'),(1782,'text',43,9,'{"text":"Mw kreeg op tijd haar medicatie\n verbleef verder op haar kamer."}','2020-02-23 20:26:53'),(1783,'text',45,23,'{"text":"bij mw. langs geweest om de medicatie te brengen. Mw gaf aan dat ze zich goed voelt en geen hulp nodig heeft."}','2020-01-04 12:06:33'),(1784,'text',51,7,'{"text":"Woensdagkomt mondzorg in huis. Mevr word hiervoor nog uitgenodigd. Er zal dan in de mond gekeken worden."}','2020-01-18 06:39:20'),(1785,'weight',47,19,'{"value":29,"unit":"kg"}','2020-02-19 19:13:56'),(1786,'blood_pressure',52,3,'{"systolic":114,"diastolic":165,"unit":"mm Hg"}','2019-12-29 23:18:29'),(1787,'text',45,9,'{"text":"Afgelopen woensdag met de arts besproken over de vraag over de exolonpleisters.In afwachting van de uitslag van de SOG arts. Zou met mw een gesprek hebben .Ik ga haar informeren over de uitslag"}','2020-03-07 23:05:28'),(1788,'weight',46,20,'{"value":40,"unit":"kg"}','2020-03-09 02:32:13'),(1789,'text',51,7,'{"text":"Mw gewassen aan de wastafel en gekleed."}','2020-01-29 14:47:39'),(1790,'other',49,28,'{"value":false,"unit":null,"description":"Besmet met het Covid-19 virus"}','2020-01-16 23:29:19'),(1791,'height',45,19,'{"value":185,"unit":"cm"}','2020-02-25 20:07:26'),(1792,'other',46,17,'{"value":null,"unit":null,"description":"Besmet met het Covid-19 virus"}','2020-02-04 16:42:30'),(1793,'weight',50,6,'{"value":84,"unit":"kg"}','2020-03-06 21:46:28'),(1794,'height',49,25,'{"value":107,"unit":"cm"}','2020-03-31 07:42:08'),(1795,'blood_pressure',52,15,'{"systolic":86,"diastolic":119,"unit":"mm Hg"}','2020-02-13 00:01:04'),(1796,'weight',49,25,'{"value":24,"unit":"kg"}','2020-03-26 06:33:45'),(1797,'text',47,19,'{"text":"Mw is geholpen met omkleden. En rug is ingesmeerd met lanette creme. Blauwe plekken ingesmeerd met speciale zalf."}','2020-01-29 12:08:45'),(1798,'text',45,6,'{"text":"Mw. heeft goed gegeten en gedronken bij het ontbijt en lunch"}','2020-02-19 14:37:08'),(1799,'weight',49,27,'{"value":16,"unit":"kg"}','2020-02-22 12:17:07'),(1800,'text',52,3,'{"text":"Mw.begeleid met wassen aan de wastafel."}','2020-01-31 18:17:50'),(1801,'height',44,18,'{"value":155,"unit":"cm"}','2020-03-30 22:02:03'),(1802,'weight',47,5,'{"value":101,"unit":"kg"}','2020-01-08 00:20:55'),(1803,'weight',48,16,'{"value":74,"unit":"kg"}','2020-03-18 05:57:43'),(1804,'text',47,12,'{"text":"Mw. heeft weinig gegeten en gedronken\n koffie heeft mw. wel op."}','2020-01-08 08:00:56'),(1805,'weight',44,30,'{"value":46,"unit":"kg"}','2020-02-08 08:06:17'),(1806,'weight',46,25,'{"value":137,"unit":"kg"}','2020-02-07 16:41:24'),(1807,'text',43,10,'{"text":"Bij mw. de medicijnen aangeboden. Mw. geeft aan zich al beter te voelen."}','2020-01-05 14:57:41'),(1808,'blood_pressure',43,17,'{"systolic":114,"diastolic":153,"unit":"mm Hg"}','2020-03-14 18:00:50'),(1809,'height',50,5,'{"value":169,"unit":"cm"}','2020-01-07 17:45:14'),(1810,'other',44,13,'{"value":null,"unit":null,"description":"Besmet met het Covid-19 virus"}','2020-01-16 07:32:35'),(1811,'height',48,30,'{"value":131,"unit":"cm"}','2019-12-29 16:39:18'),(1812,'height',50,6,'{"value":183,"unit":"cm"}','2020-01-28 18:03:26'),(1813,'weight',47,12,'{"value":43,"unit":"kg"}','2020-03-13 20:02:01'),(1814,'height',47,27,'{"value":195,"unit":"cm"}','2020-01-13 19:57:41'),(1815,'other',45,19,'{"value":null,"unit":null,"description":"Besmet met het Covid-19 virus"}','2020-02-20 20:15:35'),(1816,'text',48,5,'{"text":"Mw haar medicatie gegeven, vroeg mw of ze naar de woonkamer kwam en regeerde er op met\n? nee dat doe ik niet meer? mw gevraagd of er iets was voor gevallen mw gaf er daar geen antwoord op."}','2020-02-23 09:41:09'),(1817,'height',46,25,'{"value":195,"unit":"cm"}','2020-02-23 14:17:49'),(1818,'weight',44,30,'{"value":136,"unit":"kg"}','2020-03-19 16:51:44'),(1819,'height',46,25,'{"value":182,"unit":"cm"}','2020-03-13 21:08:31'),(1820,'other',52,3,'{"value":false,"unit":null,"description":"Besmet met het Covid-19 virus"}','2020-01-13 14:28:02'),(1821,'height',43,20,'{"value":97,"unit":"cm"}','2020-01-28 23:59:31'),(1822,'other',52,11,'{"value":0,"unit":"%","description":"Juist antwoorden bij laatste pubquiz"}','2020-01-06 12:30:38'),(1823,'other',48,22,'{"value":true,"unit":null,"description":"Besmet met het Covid-19 virus"}','2020-01-23 11:12:53'),(1824,'height',48,6,'{"value":117,"unit":"cm"}','2020-01-08 08:19:26'),(1825,'height',44,30,'{"value":153,"unit":"cm"}','2020-01-30 15:48:25'),(1826,'text',44,26,'{"text":"Med.klaargelegd van 18:00 uur en 22:00 uur. Bloedverdunners 2."}','2020-01-29 02:22:15'),(1827,'height',50,3,'{"value":190,"unit":"cm"}','2020-02-05 08:10:59'),(1828,'blood_pressure',49,24,'{"systolic":102,"diastolic":143,"unit":"mm Hg"}','2020-02-11 09:47:08'),(1829,'other',47,25,'{"value":false,"unit":null,"description":"Besmet met het Covid-19 virus"}','2020-03-29 12:13:43'),(1830,'blood_pressure',45,22,'{"systolic":80,"diastolic":126,"unit":"mm Hg"}','2020-02-24 01:54:12'),(1831,'blood_pressure',52,22,'{"systolic":95,"diastolic":127,"unit":"mm Hg"}','2020-03-27 23:23:52'),(1832,'text',49,10,'{"text":"Mw. kreeg haar medicijnen aangeboden."}','2020-03-16 16:07:09'),(1833,'text',49,7,'{"text":"vanavond een praatje met mw gemaakt\n gesproken over het feit dat mw niet meer naar de woongroep wil."}','2020-01-01 02:03:01'),(1834,'weight',50,23,'{"value":46,"unit":"kg"}','2020-03-08 08:12:34'),(1835,'height',51,23,'{"value":155,"unit":"cm"}','2020-02-06 22:35:39'),(1836,'blood_pressure',46,16,'{"systolic":117,"diastolic":137,"unit":"mm Hg"}','2020-03-06 14:23:25'),(1837,'other',51,23,'{"value":68,"unit":"%","description":"Juist antwoorden bij laatste pubquiz"}','2020-02-23 16:52:40'),(1838,'weight',49,26,'{"value":79,"unit":"kg"}','2020-02-25 19:04:58'),(1839,'blood_pressure',52,12,'{"systolic":82,"diastolic":105,"unit":"mm Hg"}','2020-01-22 17:24:23'),(1840,'weight',43,24,'{"value":26,"unit":"kg"}','2020-01-28 06:10:06'),(1841,'weight',49,26,'{"value":127,"unit":"kg"}','2020-02-02 19:29:45'),(1842,'height',49,22,'{"value":112,"unit":"cm"}','2020-01-19 21:05:49'),(1843,'text',47,15,'{"text":"Kousen zijn uit gedaan en benen zijn ingesmeerd. Rechter been wat oedemateus. "}','2020-01-07 14:30:39'),(1844,'height',45,9,'{"value":145,"unit":"cm"}','2020-01-03 14:08:30'),(1845,'text',48,6,'{"text":"Bij mw. de medicijnen aangeboden\n mw. blijft heel lang wachten om ze in te nemen\n zegt dan doe ik zo wel."}','2020-02-21 00:40:04'),(1846,'other',47,2,'{"value":72,"unit":"%","description":"Juist antwoorden bij laatste pubquiz"}','2020-01-23 16:27:01'),(1847,'text',52,24,'{"text":"Mw. eet vanavond niet mee\n is met dochter weg."}','2020-03-03 16:50:09'),(1848,'other',44,13,'{"value":false,"unit":null,"description":"Besmet met het Covid-19 virus"}','2020-01-17 22:17:53'),(1849,'weight',48,5,'{"value":22,"unit":"kg"}','2020-03-30 07:58:02'),(1850,'other',43,25,'{"value":true,"unit":null,"description":"Besmet met het Covid-19 virus"}','2020-03-28 00:50:28'),(1851,'weight',48,5,'{"value":119,"unit":"kg"}','2020-01-21 01:26:03'),(1852,'text',52,22,'{"text":"Mw. Kreeg de thyrax om 9.00 u ipv 7.00 u. Is het een idee om deze ook op 9.00 u te zetten. Mw. Is om 7.00 u nooit al wakker."}','2020-01-17 15:11:18'),(1853,'text',44,10,'{"text":"Mw. kreeg haar medicijnen aangeboden."}','2020-01-12 03:00:05'),(1854,'weight',48,27,'{"value":38,"unit":"kg"}','2020-01-07 17:23:46'),(1855,'other',51,17,'{"value":0,"unit":"%","description":"Juist antwoorden bij laatste pubquiz"}','2020-02-12 01:11:32'),(1856,'weight',45,5,'{"value":118,"unit":"kg"}','2020-03-25 11:42:53'),(1857,'height',48,27,'{"value":155,"unit":"cm"}','2020-02-28 22:57:14'),(1858,'height',51,17,'{"value":83,"unit":"cm"}','2020-03-17 09:28:10'),(1859,'blood_pressure',52,3,'{"systolic":106,"diastolic":142,"unit":"mm Hg"}','2019-12-31 21:00:34'),(1860,'text',51,17,'{"text":"Mw kreeg haar zorg en was vriendelijk gestemd. Mw heeft op de dag goed gegeten en gedronken."}','2020-03-16 23:44:42'),(1861,'blood_pressure',46,17,'{"systolic":100,"diastolic":129,"unit":"mm Hg"}','2020-03-27 17:30:30'),(1862,'height',43,30,'{"value":119,"unit":"cm"}','2020-02-11 19:52:04'),(1863,'height',43,4,'{"value":174,"unit":"cm"}','2020-02-10 17:37:31'),(1864,'height',51,22,'{"value":97,"unit":"cm"}','2020-03-27 11:16:58'),(1865,'weight',47,25,'{"value":36,"unit":"kg"}','2020-02-24 09:44:31'),(1866,'weight',46,25,'{"value":43,"unit":"kg"}','2020-01-30 20:42:55'),(1867,'weight',50,5,'{"value":109,"unit":"kg"}','2020-03-31 18:35:35'),(1868,'other',49,25,'{"value":49,"unit":"%","description":"Juist antwoorden bij laatste pubquiz"}','2020-01-22 06:24:26'),(1869,'blood_pressure',51,3,'{"systolic":83,"diastolic":108,"unit":"mm Hg"}','2020-03-10 13:18:44'),(1870,'text',51,7,'{"text":"Mw.haar medicatie baxterrol 18:00 uur en 22:00 uur klaargezet."}','2020-01-18 20:31:15'),(1871,'other',47,25,'{"value":18,"unit":"%","description":"Juist antwoorden bij laatste pubquiz"}','2020-02-18 21:43:48'),(1872,'other',49,24,'{"value":true,"unit":null,"description":"Besmet met het Covid-19 virus"}','2020-03-17 01:06:55'),(1873,'weight',44,18,'{"value":63,"unit":"kg"}','2020-03-20 12:45:08'),(1874,'blood_pressure',45,9,'{"systolic":101,"diastolic":131,"unit":"mm Hg"}','2020-04-07 19:33:02'),(1875,'height',44,18,'{"value":127,"unit":"cm"}','2020-03-04 15:35:45'),(1876,'weight',49,22,'{"value":79,"unit":"kg"}','2020-03-27 01:12:30'),(1877,'blood_pressure',45,22,'{"systolic":101,"diastolic":124,"unit":"mm Hg"}','2020-03-30 10:33:02'),(1878,'weight',51,9,'{"value":92,"unit":"kg"}','2020-02-08 13:21:00'),(1879,'blood_pressure',43,29,'{"systolic":109,"diastolic":168,"unit":"mm Hg"}','2020-01-14 01:55:11'),(1880,'weight',46,25,'{"value":31,"unit":"kg"}','2020-03-07 07:04:39'),(1881,'other',52,24,'{"value":16,"unit":"%","description":"Juist antwoorden bij laatste pubquiz"}','2020-02-12 18:28:19'),(1882,'text',49,28,'{"text":"mw wilde niet in de huiskamer eten. At wel goed van de avondmaaltijd."}','2020-03-24 11:04:55'),(1883,'weight',49,24,'{"value":137,"unit":"kg"}','2020-02-01 04:18:44'),(1884,'height',44,8,'{"value":123,"unit":"cm"}','2020-02-04 13:59:20'),(1885,'other',44,8,'{"value":null,"unit":null,"description":"Besmet met het Covid-19 virus"}','2020-01-28 07:32:50'),(1886,'text',49,11,'{"text":"mw is vanmorgen gedoucht\n haren gewassen."}','2020-03-15 16:53:03'),(1887,'height',49,11,'{"value":185,"unit":"cm"}','2020-01-26 07:36:13'),(1888,'other',43,30,'{"value":false,"unit":null,"description":"Besmet met het Covid-19 virus"}','2020-01-20 18:52:18'),(1889,'other',50,23,'{"value":false,"unit":null,"description":"Besmet met het Covid-19 virus"}','2020-02-06 17:23:42'),(1890,'height',46,1,'{"value":181,"unit":"cm"}','2020-04-04 21:45:13'),(1891,'height',49,10,'{"value":102,"unit":"cm"}','2020-02-06 01:31:58'),(1892,'height',51,17,'{"value":137,"unit":"cm"}','2020-01-13 19:21:28'),(1893,'blood_pressure',51,17,'{"systolic":108,"diastolic":151,"unit":"mm Hg"}','2020-01-16 03:05:01'),(1894,'blood_pressure',48,22,'{"systolic":88,"diastolic":143,"unit":"mm Hg"}','2020-02-09 22:24:06'),(1895,'text',47,4,'{"text":"Mw gewassen en schone kleren aangedaan"}','2020-03-28 19:10:57'),(1896,'blood_pressure',46,4,'{"systolic":95,"diastolic":140,"unit":"mm Hg"}','2019-12-30 12:43:03'),(1897,'height',48,16,'{"value":188,"unit":"cm"}','2020-01-17 20:38:23'),(1898,'other',44,18,'{"value":true,"unit":null,"description":"Besmet met het Covid-19 virus"}','2020-04-02 19:24:50'),(1899,'other',45,6,'{"value":false,"unit":null,"description":"Besmet met het Covid-19 virus"}','2020-02-29 01:38:23'),(1900,'weight',45,29,'{"value":35,"unit":"kg"}','2020-01-04 13:53:13'),(1901,'weight',49,24,'{"value":28,"unit":"kg"}','2020-02-22 09:50:39'),(1902,'blood_pressure',43,25,'{"systolic":84,"diastolic":128,"unit":"mm Hg"}','2020-01-02 00:55:30'),(1903,'text',48,5,'{"text":"Mw aangekleed\n wilde haar blouse nog niet aan ochtendjas aangegeven."}','2020-04-04 23:09:35'),(1904,'blood_pressure',43,5,'{"systolic":94,"diastolic":153,"unit":"mm Hg"}','2020-02-02 14:14:28'),(1905,'weight',46,18,'{"value":118,"unit":"kg"}','2020-03-17 09:05:33'),(1906,'height',52,24,'{"value":159,"unit":"cm"}','2020-01-19 05:27:07'),(1907,'height',49,11,'{"value":129,"unit":"cm"}','2020-02-18 15:04:23'),(1908,'other',52,24,'{"value":false,"unit":null,"description":"Besmet met het Covid-19 virus"}','2020-01-29 06:34:35'),(1909,'height',45,23,'{"value":110,"unit":"cm"}','2020-03-01 07:43:21'),(1910,'weight',51,7,'{"value":20,"unit":"kg"}','2020-01-26 07:12:02'),(1911,'height',48,8,'{"value":133,"unit":"cm"}','2020-03-28 22:19:51'),(1912,'weight',52,24,'{"value":40,"unit":"kg"}','2020-01-25 21:06:44'),(1913,'blood_pressure',45,26,'{"systolic":115,"diastolic":166,"unit":"mm Hg"}','2020-03-20 20:27:24'),(1914,'blood_pressure',52,26,'{"systolic":108,"diastolic":144,"unit":"mm Hg"}','2020-01-06 18:00:59'),(1915,'height',51,19,'{"value":181,"unit":"cm"}','2020-01-21 20:31:49'),(1916,'text',50,23,'{"text":"Halve haldol is klaar gezet"}','2020-03-26 01:03:22'),(1917,'weight',47,5,'{"value":44,"unit":"kg"}','2020-02-15 17:27:47'),(1918,'weight',44,30,'{"value":133,"unit":"kg"}','2020-02-03 17:27:37'),(1919,'height',52,24,'{"value":119,"unit":"cm"}','2020-01-31 21:18:48'),(1920,'height',51,12,'{"value":136,"unit":"cm"}','2020-01-02 23:39:46'),(1921,'text',51,21,'{"text":"Mw. kreeg haar medicijnen aangeboden."}','2020-02-28 19:13:03'),(1922,'height',51,9,'{"value":88,"unit":"cm"}','2020-02-26 12:35:17'),(1923,'text',49,7,'{"text":"mw was aan het roepen vannacht. mw was uit bed gerold. mw heeft geen zichtbaar letsel. mic is igevuld."}','2020-03-15 20:53:43'),(1924,'blood_pressure',48,8,'{"systolic":80,"diastolic":138,"unit":"mm Hg"}','2020-02-09 10:45:02'),(1925,'blood_pressure',52,3,'{"systolic":89,"diastolic":145,"unit":"mm Hg"}','2020-01-05 08:25:25'),(1926,'weight',48,27,'{"value":69,"unit":"kg"}','2020-02-29 11:02:42'),(1927,'blood_pressure',43,9,'{"systolic":93,"diastolic":139,"unit":"mm Hg"}','2020-04-06 08:26:32'),(1928,'blood_pressure',51,22,'{"systolic":82,"diastolic":115,"unit":"mm Hg"}','2020-01-15 23:47:12'),(1929,'blood_pressure',46,29,'{"systolic":96,"diastolic":118,"unit":"mm Hg"}','2020-01-31 17:43:18'),(1930,'other',51,17,'{"value":45,"unit":"%","description":"Juist antwoorden bij laatste pubquiz"}','2020-02-04 19:47:38'),(1931,'blood_pressure',48,16,'{"systolic":85,"diastolic":132,"unit":"mm Hg"}','2020-02-19 11:07:07'),(1932,'text',43,17,'{"text":"Bij het brengen van het ontbijt mevrouw zittend op de rand van het bed aangetroffen."}','2020-01-22 11:00:30'),(1933,'blood_pressure',43,25,'{"systolic":82,"diastolic":139,"unit":"mm Hg"}','2020-01-30 03:19:11'),(1934,'text',43,10,'{"text":"Mw. heeft weinig gegeten en gedronken\n koffie heeft mw. wel op."}','2020-03-25 18:43:26'),(1935,'weight',49,24,'{"value":33,"unit":"kg"}','2020-03-14 04:17:15'),(1936,'height',44,26,'{"value":161,"unit":"cm"}','2019-12-31 18:41:44'),(1937,'blood_pressure',45,6,'{"systolic":118,"diastolic":161,"unit":"mm Hg"}','2020-03-11 11:07:39'),(1938,'text',52,22,'{"text":"Rug ingesmeerd met voorgeschreven zalf."}','2020-04-06 10:34:09'),(1939,'height',51,19,'{"value":104,"unit":"cm"}','2020-01-15 02:59:23'),(1940,'height',50,23,'{"value":173,"unit":"cm"}','2020-01-31 17:29:46'),(1941,'weight',47,25,'{"value":32,"unit":"kg"}','2020-01-31 07:42:58'),(1942,'text',46,20,'{"text":"mw was rond 23:30 uur uit bed gegaan en reed de gang op. mw weer naar bed gebracht is daarna rustig gaan slapen."}','2020-02-04 07:16:14'),(1943,'weight',49,24,'{"value":77,"unit":"kg"}','2020-02-13 04:14:13'),(1944,'other',43,10,'{"value":null,"unit":null,"description":"Besmet met het Covid-19 virus"}','2020-01-11 01:11:43'),(1945,'weight',51,3,'{"value":43,"unit":"kg"}','2020-02-03 00:41:30'),(1946,'blood_pressure',51,10,'{"systolic":104,"diastolic":138,"unit":"mm Hg"}','2020-03-11 09:23:37'),(1947,'weight',47,19,'{"value":49,"unit":"kg"}','2020-03-31 02:38:53'),(1948,'text',47,30,'{"text":"Mw aan de wastafel gehol oppen met wassen en smeren."}','2020-01-24 00:43:49'),(1949,'blood_pressure',48,14,'{"systolic":93,"diastolic":123,"unit":"mm Hg"}','2020-02-11 14:08:10'),(1950,'other',51,20,'{"value":94,"unit":"%","description":"Juist antwoorden bij laatste pubquiz"}','2020-03-27 21:30:27'),(1951,'text',44,19,'{"text":"Mw kreeg bezoek van haar dochter."}','2020-02-13 11:36:08'),(1952,'blood_pressure',43,29,'{"systolic":112,"diastolic":172,"unit":"mm Hg"}','2020-03-26 21:19:26'),(1953,'weight',43,5,'{"value":44,"unit":"kg"}','2020-02-14 07:33:11'),(1954,'height',51,23,'{"value":206,"unit":"cm"}','2020-02-21 00:28:01'),(1955,'height',45,26,'{"value":170,"unit":"cm"}','2020-01-07 12:21:13'),(1956,'other',45,16,'{"value":0,"unit":"%","description":"Juist antwoorden bij laatste pubquiz"}','2020-01-31 21:49:59'),(1957,'other',52,15,'{"value":false,"unit":null,"description":"Besmet met het Covid-19 virus"}','2020-02-10 14:32:15'),(1958,'other',46,18,'{"value":null,"unit":null,"description":"Besmet met het Covid-19 virus"}','2020-02-21 21:01:00'),(1959,'text',48,8,'{"text":"Mw. niet over buikklachten gehoord."}','2020-01-31 13:53:17'),(1960,'other',44,1,'{"value":1,"unit":"%","description":"Juist antwoorden bij laatste pubquiz"}','2020-04-03 13:10:41'),(1961,'text',46,29,'{"text":"Steunkousen zijn uitgetrokken en benen ingesmeerd met bodylotion"}','2020-02-06 09:17:56'),(1962,'blood_pressure',51,13,'{"systolic":118,"diastolic":161,"unit":"mm Hg"}','2020-03-15 19:18:17'),(1963,'blood_pressure',51,9,'{"systolic":91,"diastolic":124,"unit":"mm Hg"}','2020-03-14 00:21:22'),(1964,'text',48,20,'{"text":"mw is vanmorgen gedoucht\n haren gewassen."}','2020-03-30 19:47:03'),(1965,'other',51,12,'{"value":37,"unit":"%","description":"Juist antwoorden bij laatste pubquiz"}','2020-01-09 12:12:39'),(1966,'weight',51,12,'{"value":83,"unit":"kg"}','2020-02-14 16:48:55'),(1967,'weight',44,8,'{"value":46,"unit":"kg"}','2020-01-02 16:33:35'),(1968,'blood_pressure',45,29,'{"systolic":113,"diastolic":142,"unit":"mm Hg"}','2020-03-27 20:58:40'),(1969,'weight',47,5,'{"value":99,"unit":"kg"}','2020-03-13 09:39:12'),(1970,'blood_pressure',48,14,'{"systolic":94,"diastolic":138,"unit":"mm Hg"}','2020-03-10 03:17:30'),(1971,'other',46,18,'{"value":32,"unit":"%","description":"Juist antwoorden bij laatste pubquiz"}','2020-01-05 02:57:12'),(1972,'blood_pressure',43,10,'{"systolic":100,"diastolic":139,"unit":"mm Hg"}','2020-03-29 08:11:17'),(1973,'other',47,25,'{"value":77,"unit":"%","description":"Juist antwoorden bij laatste pubquiz"}','2020-03-05 21:57:44'),(1974,'height',45,23,'{"value":95,"unit":"cm"}','2020-02-28 20:25:05'),(1975,'height',46,6,'{"value":205,"unit":"cm"}','2020-02-26 14:28:09'),(1976,'text',45,5,'{"text":"Medicijnen voor 18 en 22uur klaar gezet."}','2020-01-13 15:52:36'),(1977,'blood_pressure',43,4,'{"systolic":118,"diastolic":150,"unit":"mm Hg"}','2020-01-03 06:43:54'),(1978,'other',47,27,'{"value":67,"unit":"%","description":"Juist antwoorden bij laatste pubquiz"}','2020-02-05 22:01:51'),(1979,'height',43,20,'{"value":120,"unit":"cm"}','2020-02-01 12:52:25'),(1980,'weight',49,10,'{"value":137,"unit":"kg"}','2020-03-30 04:07:00'),(1981,'weight',44,10,'{"value":73,"unit":"kg"}','2020-02-06 14:18:17'),(1982,'height',47,5,'{"value":79,"unit":"cm"}','2020-03-10 03:12:53'),(1983,'blood_pressure',44,10,'{"systolic":102,"diastolic":141,"unit":"mm Hg"}','2020-02-10 00:10:19'),(1984,'blood_pressure',48,16,'{"systolic":89,"diastolic":126,"unit":"mm Hg"}','2020-01-30 22:52:39'),(1985,'weight',45,6,'{"value":88,"unit":"kg"}','2020-02-15 22:17:38'),(1986,'height',43,17,'{"value":77,"unit":"cm"}','2020-01-04 20:03:19'),(1987,'other',49,28,'{"value":true,"unit":null,"description":"Besmet met het Covid-19 virus"}','2020-01-10 06:29:25'),(1988,'other',46,16,'{"value":91,"unit":"%","description":"Juist antwoorden bij laatste pubquiz"}','2020-01-25 22:14:09'),(1989,'text',46,6,'{"text":"Van ochtend medicijnen bij mw gebracht\nmw was net wakker zei dat ze het zal innemen. Ik heb van de activiteiten begeleider gekregen dat mw haar medicijnen niet had ingenomen en om 11 uur heeft ze deze ingenomen op verzoek van de activiteiten begeleider."}','2020-03-27 13:20:16'),(1990,'weight',46,25,'{"value":31,"unit":"kg"}','2020-02-10 13:47:43'),(1991,'blood_pressure',51,20,'{"systolic":102,"diastolic":149,"unit":"mm Hg"}','2020-03-18 06:11:10'),(1992,'text',51,13,'{"text":"Vandaag mevrouw op haar kamer geholpen met de avondmaaltijd. Dit vond mevrouw prettig. Zij had dan ook snel de maaltijd inclusief het toetje op."}','2020-03-06 03:58:45'),(1993,'other',49,27,'{"value":null,"unit":null,"description":"Besmet met het Covid-19 virus"}','2020-01-28 22:33:54'),(1994,'blood_pressure',46,4,'{"systolic":106,"diastolic":134,"unit":"mm Hg"}','2020-01-30 15:54:44'),(1995,'blood_pressure',49,22,'{"systolic":115,"diastolic":157,"unit":"mm Hg"}','2020-03-20 07:34:40'),(1996,'weight',45,26,'{"value":102,"unit":"kg"}','2020-01-24 15:10:00'),(1997,'blood_pressure',51,1,'{"systolic":109,"diastolic":146,"unit":"mm Hg"}','2020-03-27 08:38:10'),(1998,'other',44,8,'{"value":false,"unit":null,"description":"Besmet met het Covid-19 virus"}','2020-02-06 21:36:49'),(1999,'weight',46,17,'{"value":122,"unit":"kg"}','2019-12-31 21:19:33'),(2000,'text',47,4,'{"text":"Mw.geeft aan dat ze 3x per dag haar fysio.oefeningen doet ivm.li.arm."}','2020-02-25 23:54:25'),(2001,'blood_pressure',52,15,'{"systolic":92,"diastolic":147,"unit":"mm Hg"}','2020-03-27 15:12:00'),(2002,'weight',48,8,'{"value":61,"unit":"kg"}','2020-01-12 18:08:06'),(2003,'text',52,22,'{"text":"2 stuks en afgetekend startlijst en genoteerd baxterlijst."}','2020-01-10 05:22:46'),(2004,'weight',43,9,'{"value":50,"unit":"kg"}','2020-03-06 18:55:11'),(2005,'text',48,14,'{"text":"Mw heeft slecht gegeten."}','2020-03-04 07:38:10'),(2006,'other',46,6,'{"value":99,"unit":"%","description":"Juist antwoorden bij laatste pubquiz"}','2020-03-18 19:34:05'),(2007,'other',43,10,'{"value":false,"unit":null,"description":"Besmet met het Covid-19 virus"}','2020-01-20 04:02:17'),(2008,'weight',44,1,'{"value":90,"unit":"kg"}','2020-03-20 13:16:05'),(2009,'weight',45,29,'{"value":48,"unit":"kg"}','2020-02-16 05:53:10'),(2010,'weight',50,3,'{"value":30,"unit":"kg"}','2020-01-01 16:21:44'),(2011,'blood_pressure',49,22,'{"systolic":107,"diastolic":148,"unit":"mm Hg"}','2020-01-05 10:36:33'),(2012,'other',43,10,'{"value":null,"unit":null,"description":"Besmet met het Covid-19 virus"}','2020-02-03 03:26:26'),(2013,'other',44,30,'{"value":98,"unit":"%","description":"Juist antwoorden bij laatste pubquiz"}','2020-03-22 22:14:37'),(2014,'height',52,24,'{"value":132,"unit":"cm"}','2020-02-08 15:35:21'),(2015,'text',45,9,'{"text":"Steunkousen uitgetrokken."}','2020-03-25 09:08:00'),(2016,'weight',43,20,'{"value":66,"unit":"kg"}','2020-03-16 19:30:12'),(2017,'height',48,27,'{"value":176,"unit":"cm"}','2020-02-26 04:04:00'),(2018,'text',46,25,'{"text":"Wederom paar keer bij mw. langs geweest om mee te gaan voor het ontbijt\nom 10.30u was mw. nog steeds in ochtendjas en zei nog niet klaar te zijn."}','2020-04-05 17:41:38'),(2019,'weight',43,29,'{"value":110,"unit":"kg"}','2020-02-19 11:35:24'),(2020,'weight',49,29,'{"value":38,"unit":"kg"}','2020-03-14 01:47:59'),(2021,'weight',47,30,'{"value":84,"unit":"kg"}','2020-01-13 21:00:57'),(2022,'height',45,16,'{"value":135,"unit":"cm"}','2020-01-16 16:09:55'),(2023,'weight',44,10,'{"value":69,"unit":"kg"}','2020-03-12 00:38:02'),(2024,'other',44,10,'{"value":15,"unit":"%","description":"Juist antwoorden bij laatste pubquiz"}','2020-03-09 07:34:22'),(2025,'blood_pressure',47,30,'{"systolic":81,"diastolic":141,"unit":"mm Hg"}','2020-02-14 01:05:51'),(2026,'blood_pressure',51,10,'{"systolic":90,"diastolic":141,"unit":"mm Hg"}','2020-03-30 21:08:51'),(2027,'text',52,12,'{"text":"Steunkousen met hulpmiddel aangetrokken\n schoenen met schoen lepel."}','2020-02-10 13:09:50'),(2028,'other',48,20,'{"value":8,"unit":"%","description":"Juist antwoorden bij laatste pubquiz"}','2020-02-26 16:33:20'),(2029,'height',43,30,'{"value":209,"unit":"cm"}','2019-12-31 15:31:04'),(2030,'other',47,27,'{"value":false,"unit":null,"description":"Besmet met het Covid-19 virus"}','2020-01-08 08:52:30'),(2031,'other',45,9,'{"value":null,"unit":null,"description":"Besmet met het Covid-19 virus"}','2020-02-26 17:09:03'),(2032,'blood_pressure',46,25,'{"systolic":112,"diastolic":147,"unit":"mm Hg"}','2020-02-09 23:19:09'),(2033,'blood_pressure',46,1,'{"systolic":110,"diastolic":159,"unit":"mm Hg"}','2020-02-17 09:07:43'),(2034,'text',51,19,'{"text":"Mw. was vriendelijk gestemd. Mw. heeft vanmorgen goed gegeten en gedronken."}','2020-03-17 04:21:35'),(2035,'other',44,1,'{"value":false,"unit":null,"description":"Besmet met het Covid-19 virus"}','2020-02-14 12:43:13'),(2036,'other',43,24,'{"value":true,"unit":null,"description":"Besmet met het Covid-19 virus"}','2020-02-03 02:00:29'),(2037,'height',49,7,'{"value":92,"unit":"cm"}','2020-02-09 18:17:03'),(2038,'other',44,8,'{"value":true,"unit":null,"description":"Besmet met het Covid-19 virus"}','2020-04-02 08:25:30'),(2039,'other',51,20,'{"value":30,"unit":"%","description":"Juist antwoorden bij laatste pubquiz"}','2020-01-05 00:41:55'),(2040,'other',47,30,'{"value":76,"unit":"%","description":"Juist antwoorden bij laatste pubquiz"}','2020-01-14 17:44:31'),(2041,'weight',43,30,'{"value":75,"unit":"kg"}','2020-01-13 05:17:31'),(2042,'weight',47,25,'{"value":122,"unit":"kg"}','2020-02-08 15:11:18'),(2043,'weight',52,24,'{"value":103,"unit":"kg"}','2020-02-25 20:36:33'),(2044,'blood_pressure',44,8,'{"systolic":91,"diastolic":130,"unit":"mm Hg"}','2020-02-18 17:55:02'),(2045,'height',49,11,'{"value":178,"unit":"cm"}','2020-02-26 02:32:12'),(2046,'weight',51,5,'{"value":120,"unit":"kg"}','2020-01-07 09:08:35'),(2047,'other',46,25,'{"value":false,"unit":null,"description":"Besmet met het Covid-19 virus"}','2020-01-28 06:20:12'),(2048,'weight',47,27,'{"value":58,"unit":"kg"}','2020-03-01 22:42:02'),(2049,'blood_pressure',43,17,'{"systolic":119,"diastolic":156,"unit":"mm Hg"}','2020-01-17 23:37:06'),(2050,'blood_pressure',49,29,'{"systolic":90,"diastolic":132,"unit":"mm Hg"}','2020-02-26 03:22:37'),(2051,'blood_pressure',46,6,'{"systolic":96,"diastolic":130,"unit":"mm Hg"}','2020-02-05 08:28:04'),(2052,'blood_pressure',43,24,'{"systolic":100,"diastolic":160,"unit":"mm Hg"}','2020-03-21 20:06:08'),(2053,'weight',45,6,'{"value":95,"unit":"kg"}','2020-01-20 15:10:00'),(2054,'other',48,30,'{"value":true,"unit":null,"description":"Besmet met het Covid-19 virus"}','2020-03-07 17:45:19'),(2055,'blood_pressure',47,25,'{"systolic":120,"diastolic":144,"unit":"mm Hg"}','2020-03-28 22:09:57'),(2056,'height',51,3,'{"value":93,"unit":"cm"}','2020-01-08 22:17:36'),(2057,'weight',45,6,'{"value":70,"unit":"kg"}','2020-03-07 21:13:51'),(2058,'text',47,15,'{"text":"Bij mevr. langs geweest. Ze vertelde inderdaad niet zo lekker te zijn. Bed is ook verschoond."}','2020-03-06 14:38:38'),(2059,'other',51,10,'{"value":61,"unit":"%","description":"Juist antwoorden bij laatste pubquiz"}','2020-03-31 08:15:04'),(2060,'weight',52,22,'{"value":107,"unit":"kg"}','2020-02-28 11:49:25'),(2061,'text',45,26,'{"text":"Mw. heeft weinig gegeten en gedronken\n koffie heeft mw. wel op."}','2020-03-18 16:14:46'),(2062,'other',49,10,'{"value":false,"unit":null,"description":"Besmet met het Covid-19 virus"}','2020-02-13 09:41:03'),(2063,'text',46,6,'{"text":"Mw haar zorg gegeven\n mw heeft vanmorgen goed gegeten en gedronken."}','2020-03-08 02:43:59'),(2064,'blood_pressure',44,4,'{"systolic":105,"diastolic":164,"unit":"mm Hg"}','2020-03-17 08:09:40'),(2065,'text',47,27,'{"text":"Mw heeft vanavond goed gegeten en gedronken. Later ook de koffie."}','2020-02-29 06:43:49'),(2066,'text',49,27,'{"text":"Mw.geeft aan dat ze 3x per dag haar fysio.oefeningen doet ivm.li.arm."}','2020-03-17 08:32:13'),(2067,'height',44,19,'{"value":199,"unit":"cm"}','2020-01-31 23:33:38'),(2068,'weight',43,5,'{"value":71,"unit":"kg"}','2020-01-01 19:45:11'),(2069,'other',43,10,'{"value":false,"unit":null,"description":"Besmet met het Covid-19 virus"}','2020-03-11 16:14:17'),(2070,'blood_pressure',51,5,'{"systolic":84,"diastolic":117,"unit":"mm Hg"}','2020-01-31 15:19:05'),(2071,'weight',46,17,'{"value":17,"unit":"kg"}','2020-03-24 05:39:27'),(2072,'height',47,27,'{"value":104,"unit":"cm"}','2019-12-29 20:07:21'),(2073,'other',51,10,'{"value":50,"unit":"%","description":"Juist antwoorden bij laatste pubquiz"}','2020-01-18 22:54:46'),(2074,'other',46,1,'{"value":100,"unit":"%","description":"Juist antwoorden bij laatste pubquiz"}','2020-02-07 02:48:23'),(2075,'blood_pressure',43,29,'{"systolic":87,"diastolic":109,"unit":"mm Hg"}','2020-03-21 06:48:42'),(2076,'height',51,22,'{"value":210,"unit":"cm"}','2020-02-15 02:57:37'),(2077,'blood_pressure',48,16,'{"systolic":97,"diastolic":156,"unit":"mm Hg"}','2020-01-30 15:57:49'),(2078,'other',45,6,'{"value":null,"unit":null,"description":"Besmet met het Covid-19 virus"}','2019-12-29 23:52:35'),(2079,'other',43,9,'{"value":59,"unit":"%","description":"Juist antwoorden bij laatste pubquiz"}','2020-02-17 08:37:58'),(2080,'weight',47,25,'{"value":30,"unit":"kg"}','2019-12-30 10:25:06'),(2081,'other',50,23,'{"value":null,"unit":null,"description":"Besmet met het Covid-19 virus"}','2020-01-12 03:03:09'),(2082,'blood_pressure',51,7,'{"systolic":105,"diastolic":128,"unit":"mm Hg"}','2020-02-07 08:11:09'),(2083,'other',48,20,'{"value":66,"unit":"%","description":"Juist antwoorden bij laatste pubquiz"}','2020-02-26 00:43:30'),(2084,'weight',51,1,'{"value":138,"unit":"kg"}','2020-01-08 22:59:48'),(2085,'other',50,3,'{"value":36,"unit":"%","description":"Juist antwoorden bij laatste pubquiz"}','2020-02-09 01:11:51'),(2086,'height',49,24,'{"value":112,"unit":"cm"}','2020-03-03 15:33:04'),(2087,'blood_pressure',46,18,'{"systolic":98,"diastolic":146,"unit":"mm Hg"}','2020-02-18 02:58:44'),(2088,'height',45,23,'{"value":125,"unit":"cm"}','2020-03-30 17:24:55'),(2089,'other',48,6,'{"value":true,"unit":null,"description":"Besmet met het Covid-19 virus"}','2020-02-20 20:17:11'),(2090,'other',52,11,'{"value":89,"unit":"%","description":"Juist antwoorden bij laatste pubquiz"}','2020-01-03 06:53:37'),(2091,'other',52,12,'{"value":7,"unit":"%","description":"Juist antwoorden bij laatste pubquiz"}','2020-01-06 06:32:48'),(2092,'text',52,15,'{"text":"Mw haar zorg gegeven\n mw heeft vanmorgen goed gegeten en gedronken."}','2020-01-12 11:44:24'),(2093,'text',50,3,'{"text":"Om 04.00 uur zat mevr. naast haar bed. Geen zichtbaar letsel\n dus haar terug geholpen in bed."}','2019-12-31 08:24:57'),(2094,'text',44,10,'{"text":"Arm ingesmeerd met pijnstiller zalf."}','2020-03-22 11:30:11'),(2095,'blood_pressure',45,10,'{"systolic":100,"diastolic":154,"unit":"mm Hg"}','2020-02-16 18:27:42'),(2096,'weight',45,5,'{"value":46,"unit":"kg"}','2020-03-05 02:35:05'),(2097,'other',43,17,'{"value":null,"unit":null,"description":"Besmet met het Covid-19 virus"}','2020-01-12 23:29:44'),(2098,'weight',43,10,'{"value":80,"unit":"kg"}','2020-03-11 10:38:16'),(2099,'height',48,6,'{"value":167,"unit":"cm"}','2020-02-24 09:00:14'),(2100,'weight',49,25,'{"value":59,"unit":"kg"}','2020-03-19 11:51:56'),(2101,'weight',45,6,'{"value":135,"unit":"kg"}','2020-03-18 20:26:40'),(2102,'text',46,1,'{"text":"Half tabl op tafeltje klaar gezet"}','2020-03-10 11:49:36'),(2103,'weight',48,30,'{"value":136,"unit":"kg"}','2020-03-31 06:55:39'),(2104,'weight',43,26,'{"value":115,"unit":"kg"}','2020-03-22 16:57:50'),(2105,'other',48,27,'{"value":true,"unit":null,"description":"Besmet met het Covid-19 virus"}','2020-02-18 09:45:26'),(2106,'blood_pressure',43,20,'{"systolic":96,"diastolic":141,"unit":"mm Hg"}','2020-04-03 14:09:21'),(2107,'height',45,22,'{"value":171,"unit":"cm"}','2020-02-05 17:33:29'),(2108,'other',48,22,'{"value":26,"unit":"%","description":"Juist antwoorden bij laatste pubquiz"}','2020-03-15 01:26:28'),(2109,'other',48,22,'{"value":41,"unit":"%","description":"Juist antwoorden bij laatste pubquiz"}','2020-02-06 10:21:29'),(2110,'text',49,29,'{"text":"Rug ingesmeerd met voorgeschreven zalf."}','2020-03-02 08:57:21'),(2111,'blood_pressure',50,5,'{"systolic":114,"diastolic":139,"unit":"mm Hg"}','2020-03-03 23:22:05'),(2112,'other',44,8,'{"value":52,"unit":"%","description":"Juist antwoorden bij laatste pubquiz"}','2020-03-06 05:01:12'),(2113,'height',45,29,'{"value":127,"unit":"cm"}','2020-03-19 22:04:06'),(2114,'blood_pressure',48,14,'{"systolic":99,"diastolic":157,"unit":"mm Hg"}','2020-01-21 19:36:15'),(2115,'other',50,6,'{"value":null,"unit":null,"description":"Besmet met het Covid-19 virus"}','2020-02-05 18:20:50'),(2116,'blood_pressure',44,10,'{"systolic":90,"diastolic":127,"unit":"mm Hg"}','2020-03-05 11:14:16'),(2117,'height',46,4,'{"value":77,"unit":"cm"}','2020-01-18 16:52:04'),(2118,'other',45,29,'{"value":null,"unit":null,"description":"Besmet met het Covid-19 virus"}','2020-02-10 14:47:52'),(2119,'other',43,10,'{"value":93,"unit":"%","description":"Juist antwoorden bij laatste pubquiz"}','2020-02-19 18:48:07'),(2120,'text',50,23,'{"text":"Mw kreeg vanmorgen haar medicatie aangereikt en ingenomen."}','2020-03-07 08:18:44'),(2121,'weight',52,24,'{"value":118,"unit":"kg"}','2020-03-24 13:24:00'),(2122,'text',52,16,'{"text":"Bij mw. langs geweest en medicijnen aangeboden. Nog even een praatje met mw. gemaakt en uitgenodigd om te komen eten. Mw. geeft nog steeds aan dit niet meer te willen\n dit omdat mw. vorige week weg gestuurd is omdat zij te laat was voor de maaltijd aldus mw. Mw. geeft aan het ook veel rustiger te vinden om op haar eigen kamer te eten."}','2020-03-15 00:21:08'),(2123,'blood_pressure',49,25,'{"systolic":88,"diastolic":131,"unit":"mm Hg"}','2020-01-03 22:15:21'),(2124,'other',52,15,'{"value":83,"unit":"%","description":"Juist antwoorden bij laatste pubquiz"}','2020-01-17 04:14:59'),(2125,'weight',51,21,'{"value":34,"unit":"kg"}','2020-03-06 17:38:32'),(2126,'height',49,24,'{"value":101,"unit":"cm"}','2020-01-23 03:03:35'),(2127,'blood_pressure',44,1,'{"systolic":95,"diastolic":145,"unit":"mm Hg"}','2020-01-09 01:49:08'),(2128,'text',49,24,'{"text":"Mevr is door zoon opgehaald\nzou niet mee eten met de lunch en avondmaaltijd. Zoon zou aangeven als mevr weer terug zou zijn. medicatie van 12:00\n17:00 en 21:00 is meegegeven."}','2020-01-07 14:37:39'),(2129,'other',47,19,'{"value":30,"unit":"%","description":"Juist antwoorden bij laatste pubquiz"}','2020-03-03 16:57:07'),(2130,'blood_pressure',48,27,'{"systolic":85,"diastolic":138,"unit":"mm Hg"}','2020-03-20 15:11:47'),(2131,'height',47,4,'{"value":157,"unit":"cm"}','2020-02-18 12:21:38'),(2132,'other',52,26,'{"value":false,"unit":null,"description":"Besmet met het Covid-19 virus"}','2020-02-02 01:32:58'),(2133,'height',49,27,'{"value":138,"unit":"cm"}','2020-01-17 00:13:14'),(2134,'blood_pressure',49,27,'{"systolic":117,"diastolic":142,"unit":"mm Hg"}','2020-01-29 07:29:06'),(2135,'text',51,7,'{"text":"Bij mevr. langs geweest. Ze vertelde inderdaad niet zo lekker te zijn. Bed is ook verschoond."}','2020-02-14 13:48:11'),(2136,'other',45,5,'{"value":null,"unit":null,"description":"Besmet met het Covid-19 virus"}','2020-01-04 05:42:30'),(2137,'text',52,8,'{"text":"Mw is gedoucht\n haar Haar is niet gewassen. Heeft goed gegeten en gedronken. Mw is vriendelijk aanwezig."}','2020-03-21 07:22:38'),(2138,'weight',52,11,'{"value":36,"unit":"kg"}','2020-01-03 05:51:53'),(2139,'height',51,23,'{"value":207,"unit":"cm"}','2020-03-26 19:00:26'),(2140,'other',51,5,'{"value":78,"unit":"%","description":"Juist antwoorden bij laatste pubquiz"}','2020-02-08 20:07:15'),(2141,'text',45,5,'{"text":"Medicijnen voor 18 en 22uur klaar gezet."}','2020-04-04 10:10:10');

--caren.comments //REQUIRES caren.reports
DROP TABLE IF EXISTS caren.comments;
CREATE TABLE caren.comments (
  cid SERIAL,
  rid int NOT NULL,
  pid int NOT NULL,
  visibility varchar(45) NOT NULL DEFAULT 'PRIVATE',
  text varchar(255) NOT NULL,
  date_added timestamp NOT NULL,
  parentid int DEFAULT NULL,
  seen int DEFAULT '0',
  PRIMARY KEY (cid),
  FOREIGN KEY (rid) REFERENCES caren.reports(id),
  FOREIGN KEY (pid) REFERENCES caren.people(pid)
)
